model,variant,year_month,year,month,monthly_capacity,planned_production,actual_production,supply_shock_flag
Nexon,XE,2020-01,2020,1,2068,1961,1970,0
Nexon,XE,2020-02,2020,2,2068,2032,2043,0
Nexon,XE,2020-03,2020,3,2068,1863,1740,0
Nexon,XE,2020-04,2020,4,723,675,684,1
Nexon,XE,2020-05,2020,5,723,687,659,1
Nexon,XE,2020-06,2020,6,723,682,677,1
Nexon,XE,2020-07,2020,7,723,712,706,1
Nexon,XE,2020-08,2020,8,2068,1857,1732,0
Nexon,XE,2020-09,2020,9,2068,1881,1766,0
Nexon,XE,2020-10,2020,10,2068,2046,1966,0
Nexon,XE,2020-11,2020,11,2068,1871,1762,0
Nexon,XE,2020-12,2020,12,2068,1933,1860,0
Nexon,XE,2021-01,2021,1,2068,1743,1750,0
Nexon,XE,2021-02,2021,2,2068,1829,1741,0
Nexon,XE,2021-03,2021,3,2068,1772,1712,0
Nexon,XE,2021-04,2021,4,2068,1957,1968,0
Nexon,XE,2021-05,2021,5,2068,1714,1742,0
Nexon,XE,2021-06,2021,6,2068,1957,1828,0
Nexon,XE,2021-07,2021,7,1553,1356,1362,1
Nexon,XE,2021-08,2021,8,1598,1443,1420,1
Nexon,XE,2021-09,2021,9,1898,1781,1763,0
Nexon,XE,2021-10,2021,10,1537,1503,1402,1
Nexon,XE,2021-11,2021,11,1513,1506,1391,1
Nexon,XE,2021-12,2021,12,1518,1415,1327,1
Nexon,XE,2022-01,2022,1,1516,1407,1394,1
Nexon,XE,2022-02,2022,2,1857,1574,1521,0
Nexon,XE,2022-03,2022,3,1868,1585,1466,0
Nexon,XE,2022-04,2022,4,1448,1324,1222,1
Nexon,XE,2022-05,2022,5,1822,1809,1673,0
Nexon,XE,2022-06,2022,6,1783,1530,1380,0
Nexon,XE,2022-07,2022,7,1839,1651,1673,0
Nexon,XE,2022-08,2022,8,2068,1894,1740,0
Nexon,XE,2022-09,2022,9,2068,1863,1722,0
Nexon,XE,2022-10,2022,10,2068,2022,1987,0
Nexon,XE,2022-11,2022,11,2068,1822,1755,0
Nexon,XE,2022-12,2022,12,2068,1944,1932,0
Nexon,XE,2023-01,2023,1,2068,1725,1557,0
Nexon,XE,2023-02,2023,2,2068,1738,1646,0
Nexon,XE,2023-03,2023,3,2068,1869,1712,0
Nexon,XE,2023-04,2023,4,2068,1848,1761,0
Nexon,XE,2023-05,2023,5,2068,1736,1753,0
Nexon,XE,2023-06,2023,6,2068,1918,1815,0
Nexon,XE,2023-07,2023,7,2068,1884,1766,0
Nexon,XE,2023-08,2023,8,2068,2013,1950,0
Nexon,XE,2023-09,2023,9,2068,1879,1896,0
Nexon,XE,2023-10,2023,10,2068,2007,2002,0
Nexon,XE,2023-11,2023,11,2068,1779,1633,0
Nexon,XE,2023-12,2023,12,2068,1952,1866,0
Nexon,XM,2020-01,2020,1,815,779,728,0
Nexon,XM,2020-02,2020,2,815,710,680,0
Nexon,XM,2020-03,2020,3,815,708,693,0
Nexon,XM,2020-04,2020,4,285,272,260,1
Nexon,XM,2020-05,2020,5,285,270,259,1
Nexon,XM,2020-06,2020,6,285,270,250,1
Nexon,XM,2020-07,2020,7,285,271,267,1
Nexon,XM,2020-08,2020,8,815,707,683,0
Nexon,XM,2020-09,2020,9,815,793,737,0
Nexon,XM,2020-10,2020,10,815,776,787,0
Nexon,XM,2020-11,2020,11,815,795,753,0
Nexon,XM,2020-12,2020,12,815,757,771,0
Nexon,XM,2021-01,2021,1,815,751,686,0
Nexon,XM,2021-02,2021,2,815,674,670,0
Nexon,XM,2021-03,2021,3,815,730,678,0
Nexon,XM,2021-04,2021,4,815,719,712,0
Nexon,XM,2021-05,2021,5,815,736,739,0
Nexon,XM,2021-06,2021,6,815,776,789,0
Nexon,XM,2021-07,2021,7,751,650,636,0
Nexon,XM,2021-08,2021,8,574,573,533,1
Nexon,XM,2021-09,2021,9,705,685,629,0
Nexon,XM,2021-10,2021,10,743,610,581,0
Nexon,XM,2021-11,2021,11,666,590,572,0
Nexon,XM,2021-12,2021,12,756,664,643,0
Nexon,XM,2022-01,2022,1,749,718,649,0
Nexon,XM,2022-02,2022,2,762,631,612,0
Nexon,XM,2022-03,2022,3,687,660,605,0
Nexon,XM,2022-04,2022,4,607,579,531,1
Nexon,XM,2022-05,2022,5,666,633,619,0
Nexon,XM,2022-06,2022,6,613,536,544,1
Nexon,XM,2022-07,2022,7,661,547,506,0
Nexon,XM,2022-08,2022,8,815,718,732,0
Nexon,XM,2022-09,2022,9,815,712,643,0
Nexon,XM,2022-10,2022,10,815,743,676,0
Nexon,XM,2022-11,2022,11,815,708,721,0
Nexon,XM,2022-12,2022,12,815,771,698,0
Nexon,XM,2023-01,2023,1,815,734,675,0
Nexon,XM,2023-02,2023,2,815,686,665,0
Nexon,XM,2023-03,2023,3,815,742,733,0
Nexon,XM,2023-04,2023,4,815,799,742,0
Nexon,XM,2023-05,2023,5,815,803,772,0
Nexon,XM,2023-06,2023,6,815,706,707,0
Nexon,XM,2023-07,2023,7,815,673,650,0
Nexon,XM,2023-08,2023,8,815,774,722,0
Nexon,XM,2023-09,2023,9,815,794,737,0
Nexon,XM,2023-10,2023,10,815,791,719,0
Nexon,XM,2023-11,2023,11,815,691,653,0
Nexon,XM,2023-12,2023,12,815,793,727,0
Nexon,XZ,2020-01,2020,1,1962,1918,1779,0
Nexon,XZ,2020-02,2020,2,1962,1768,1666,0
Nexon,XZ,2020-03,2020,3,1962,1650,1671,0
Nexon,XZ,2020-04,2020,4,686,616,605,1
Nexon,XZ,2020-05,2020,5,686,633,607,1
Nexon,XZ,2020-06,2020,6,686,638,642,1
Nexon,XZ,2020-07,2020,7,686,648,624,1
Nexon,XZ,2020-08,2020,8,1962,1836,1786,0
Nexon,XZ,2020-09,2020,9,1962,1761,1716,0
Nexon,XZ,2020-10,2020,10,1962,1765,1748,0
Nexon,XZ,2020-11,2020,11,1962,1951,1980,0
Nexon,XZ,2020-12,2020,12,1962,1898,1845,0
Nexon,XZ,2021-01,2021,1,1962,1873,1725,0
Nexon,XZ,2021-02,2021,2,1962,1778,1655,0
Nexon,XZ,2021-03,2021,3,1962,1610,1635,0
Nexon,XZ,2021-04,2021,4,1962,1913,1839,0
Nexon,XZ,2021-05,2021,5,1962,1698,1669,0
Nexon,XZ,2021-06,2021,6,1962,1762,1755,0
Nexon,XZ,2021-07,2021,7,1863,1644,1527,0
Nexon,XZ,2021-08,2021,8,1504,1258,1191,1
Nexon,XZ,2021-09,2021,9,1381,1160,1081,1
Nexon,XZ,2021-10,2021,10,1451,1381,1260,1
Nexon,XZ,2021-11,2021,11,1798,1545,1410,0
Nexon,XZ,2021-12,2021,12,1378,1307,1216,1
Nexon,XZ,2022-01,2022,1,1623,1363,1387,0
Nexon,XZ,2022-02,2022,2,1434,1282,1284,1
Nexon,XZ,2022-03,2022,3,1493,1296,1292,1
Nexon,XZ,2022-04,2022,4,1507,1236,1175,1
Nexon,XZ,2022-05,2022,5,1379,1356,1324,1
Nexon,XZ,2022-06,2022,6,1659,1420,1397,0
Nexon,XZ,2022-07,2022,7,1705,1416,1424,0
Nexon,XZ,2022-08,2022,8,1962,1813,1804,0
Nexon,XZ,2022-09,2022,9,1962,1701,1555,0
Nexon,XZ,2022-10,2022,10,1962,1856,1847,0
Nexon,XZ,2022-11,2022,11,1962,1745,1575,0
Nexon,XZ,2022-12,2022,12,1962,1897,1754,0
Nexon,XZ,2023-01,2023,1,1962,1728,1685,0
Nexon,XZ,2023-02,2023,2,1962,1644,1493,0
Nexon,XZ,2023-03,2023,3,1962,1617,1633,0
Nexon,XZ,2023-04,2023,4,1962,1718,1682,0
Nexon,XZ,2023-05,2023,5,1962,1958,1919,0
Nexon,XZ,2023-06,2023,6,1962,1794,1726,0
Nexon,XZ,2023-07,2023,7,1962,1741,1692,0
Nexon,XZ,2023-08,2023,8,1962,1947,1936,0
Nexon,XZ,2023-09,2023,9,1962,1758,1652,0
Nexon,XZ,2023-10,2023,10,1962,1920,1759,0
Nexon,XZ,2023-11,2023,11,1962,1908,1775,0
Nexon,XZ,2023-12,2023,12,1962,1861,1854,0
Nexon,XZ+,2020-01,2020,1,2419,2067,2069,0
Nexon,XZ+,2020-02,2020,2,2419,2143,2011,0
Nexon,XZ+,2020-03,2020,3,2419,2205,2099,0
Nexon,XZ+,2020-04,2020,4,846,797,730,1
Nexon,XZ+,2020-05,2020,5,846,760,765,1
Nexon,XZ+,2020-06,2020,6,846,699,667,1
Nexon,XZ+,2020-07,2020,7,846,794,799,1
Nexon,XZ+,2020-08,2020,8,2419,2242,2239,0
Nexon,XZ+,2020-09,2020,9,2419,2080,1960,0
Nexon,XZ+,2020-10,2020,10,2419,2393,2408,0
Nexon,XZ+,2020-11,2020,11,2419,2226,2130,0
Nexon,XZ+,2020-12,2020,12,2419,2179,1976,0
Nexon,XZ+,2021-01,2021,1,2419,2372,2367,0
Nexon,XZ+,2021-02,2021,2,2419,2182,2036,0
Nexon,XZ+,2021-03,2021,3,2419,2132,1950,0
Nexon,XZ+,2021-04,2021,4,2419,2297,2220,0
Nexon,XZ+,2021-05,2021,5,2419,2085,2032,0
Nexon,XZ+,2021-06,2021,6,2419,2409,2203,0
Nexon,XZ+,2021-07,2021,7,1970,1790,1646,0
Nexon,XZ+,2021-08,2021,8,2014,1871,1719,0
Nexon,XZ+,2021-09,2021,9,1786,1739,1630,1
Nexon,XZ+,2021-10,2021,10,2074,1934,1935,0
Nexon,XZ+,2021-11,2021,11,2140,2078,2026,0
Nexon,XZ+,2021-12,2021,12,1965,1750,1654,0
Nexon,XZ+,2022-01,2022,1,1946,1641,1560,0
Nexon,XZ+,2022-02,2022,2,1928,1592,1485,1
Nexon,XZ+,2022-03,2022,3,2148,1984,1977,0
Nexon,XZ+,2022-04,2022,4,2021,1967,1958,0
Nexon,XZ+,2022-05,2022,5,1752,1744,1572,1
Nexon,XZ+,2022-06,2022,6,2054,1977,1858,0
Nexon,XZ+,2022-07,2022,7,2055,1819,1650,0
Nexon,XZ+,2022-08,2022,8,2419,1987,1810,0
Nexon,XZ+,2022-09,2022,9,2419,2026,1971,0
Nexon,XZ+,2022-10,2022,10,2419,2212,2111,0
Nexon,XZ+,2022-11,2022,11,2419,2284,2060,0
Nexon,XZ+,2022-12,2022,12,2419,2101,2086,0
Nexon,XZ+,2023-01,2023,1,2419,2379,2266,0
Nexon,XZ+,2023-02,2023,2,2419,2019,2010,0
Nexon,XZ+,2023-03,2023,3,2419,2369,2249,0
Nexon,XZ+,2023-04,2023,4,2419,2089,1891,0
Nexon,XZ+,2023-05,2023,5,2419,2240,2260,0
Nexon,XZ+,2023-06,2023,6,2419,2278,2136,0
Nexon,XZ+,2023-07,2023,7,2419,2263,2262,0
Nexon,XZ+,2023-08,2023,8,2419,2190,2186,0
Nexon,XZ+,2023-09,2023,9,2419,2154,2028,0
Nexon,XZ+,2023-10,2023,10,2419,2237,2138,0
Nexon,XZ+,2023-11,2023,11,2419,2409,2317,0
Nexon,XZ+,2023-12,2023,12,2419,2151,2037,0
Nexon,Dark,2020-01,2020,1,1610,1478,1393,0
Nexon,Dark,2020-02,2020,2,1610,1529,1445,0
Nexon,Dark,2020-03,2020,3,1610,1431,1393,0
Nexon,Dark,2020-04,2020,4,563,467,457,1
Nexon,Dark,2020-05,2020,5,563,512,488,1
Nexon,Dark,2020-06,2020,6,563,534,529,1
Nexon,Dark,2020-07,2020,7,563,547,516,1
Nexon,Dark,2020-08,2020,8,1610,1414,1393,0
Nexon,Dark,2020-09,2020,9,1610,1488,1452,0
Nexon,Dark,2020-10,2020,10,1610,1481,1470,0
Nexon,Dark,2020-11,2020,11,1610,1375,1329,0
Nexon,Dark,2020-12,2020,12,1610,1366,1296,0
Nexon,Dark,2021-01,2021,1,1610,1512,1450,0
Nexon,Dark,2021-02,2021,2,1610,1430,1438,0
Nexon,Dark,2021-03,2021,3,1610,1544,1487,0
Nexon,Dark,2021-04,2021,4,1610,1595,1516,0
Nexon,Dark,2021-05,2021,5,1610,1548,1424,0
Nexon,Dark,2021-06,2021,6,1610,1403,1319,0
Nexon,Dark,2021-07,2021,7,1169,1064,982,1
Nexon,Dark,2021-08,2021,8,1382,1180,1079,0
Nexon,Dark,2021-09,2021,9,1517,1423,1440,0
Nexon,Dark,2021-10,2021,10,1324,1093,1059,0
Nexon,Dark,2021-11,2021,11,1351,1111,1114,0
Nexon,Dark,2021-12,2021,12,1376,1312,1258,0
Nexon,Dark,2022-01,2022,1,1375,1191,1211,0
Nexon,Dark,2022-02,2022,2,1288,1093,991,0
Nexon,Dark,2022-03,2022,3,1383,1378,1388,0
Nexon,Dark,2022-04,2022,4,1409,1406,1387,0
Nexon,Dark,2022-05,2022,5,1263,1172,1066,1
Nexon,Dark,2022-06,2022,6,1216,1088,1005,1
Nexon,Dark,2022-07,2022,7,1510,1508,1424,0
Nexon,Dark,2022-08,2022,8,1610,1525,1447,0
Nexon,Dark,2022-09,2022,9,1610,1360,1278,0
Nexon,Dark,2022-10,2022,10,1610,1387,1302,0
Nexon,Dark,2022-11,2022,11,1610,1382,1262,0
Nexon,Dark,2022-12,2022,12,1610,1383,1395,0
Nexon,Dark,2023-01,2023,1,1610,1344,1261,0
Nexon,Dark,2023-02,2023,2,1610,1473,1388,0
Nexon,Dark,2023-03,2023,3,1610,1470,1330,0
Nexon,Dark,2023-04,2023,4,1610,1508,1459,0
Nexon,Dark,2023-05,2023,5,1610,1517,1468,0
Nexon,Dark,2023-06,2023,6,1610,1447,1363,0
Nexon,Dark,2023-07,2023,7,1610,1385,1329,0
Nexon,Dark,2023-08,2023,8,1610,1327,1246,0
Nexon,Dark,2023-09,2023,9,1610,1516,1384,0
Nexon,Dark,2023-10,2023,10,1610,1338,1308,0
Nexon,Dark,2023-11,2023,11,1610,1435,1429,0
Nexon,Dark,2023-12,2023,12,1610,1591,1614,0
Altroz,XE,2020-01,2020,1,2307,2001,1947,0
Altroz,XE,2020-02,2020,2,2307,2152,2097,0
Altroz,XE,2020-03,2020,3,2307,2025,1837,0
Altroz,XE,2020-04,2020,4,807,692,635,1
Altroz,XE,2020-05,2020,5,807,679,686,1
Altroz,XE,2020-06,2020,6,807,663,644,1
Altroz,XE,2020-07,2020,7,807,799,753,1
Altroz,XE,2020-08,2020,8,2307,2110,2075,0
Altroz,XE,2020-09,2020,9,2307,2023,1936,0
Altroz,XE,2020-10,2020,10,2307,2231,2207,0
Altroz,XE,2020-11,2020,11,2307,2227,2268,0
Altroz,XE,2020-12,2020,12,2307,2045,2023,0
Altroz,XE,2021-01,2021,1,2307,2142,2099,0
Altroz,XE,2021-02,2021,2,2307,2198,2175,0
Altroz,XE,2021-03,2021,3,2307,2259,2127,0
Altroz,XE,2021-04,2021,4,2307,2163,2019,0
Altroz,XE,2021-05,2021,5,2307,2138,2116,0
Altroz,XE,2021-06,2021,6,2307,2220,2109,0
Altroz,XE,2021-07,2021,7,1908,1679,1545,0
Altroz,XE,2021-08,2021,8,1765,1737,1627,1
Altroz,XE,2021-09,2021,9,2177,1879,1854,0
Altroz,XE,2021-10,2021,10,1945,1838,1796,0
Altroz,XE,2021-11,2021,11,2022,1987,1922,0
Altroz,XE,2021-12,2021,12,1654,1436,1414,1
Altroz,XE,2022-01,2022,1,1899,1744,1694,0
Altroz,XE,2022-02,2022,2,1835,1760,1736,1
Altroz,XE,2022-03,2022,3,2026,1922,1935,0
Altroz,XE,2022-04,2022,4,1958,1946,1779,0
Altroz,XE,2022-05,2022,5,1979,1878,1797,0
Altroz,XE,2022-06,2022,6,1781,1636,1544,1
Altroz,XE,2022-07,2022,7,2139,1891,1741,0
Altroz,XE,2022-08,2022,8,2307,2131,2019,0
Altroz,XE,2022-09,2022,9,2307,1931,1868,0
Altroz,XE,2022-10,2022,10,2307,2115,1947,0
Altroz,XE,2022-11,2022,11,2307,2139,2070,0
Altroz,XE,2022-12,2022,12,2307,2212,2086,0
Altroz,XE,2023-01,2023,1,2307,1995,2023,0
Altroz,XE,2023-02,2023,2,2307,2124,1918,0
Altroz,XE,2023-03,2023,3,2307,2232,2061,0
Altroz,XE,2023-04,2023,4,2307,2218,2183,0
Altroz,XE,2023-05,2023,5,2307,2294,2330,0
Altroz,XE,2023-06,2023,6,2307,2005,1988,0
Altroz,XE,2023-07,2023,7,2307,2023,1973,0
Altroz,XE,2023-08,2023,8,2307,2139,1939,0
Altroz,XE,2023-09,2023,9,2307,1893,1716,0
Altroz,XE,2023-10,2023,10,2307,1944,1809,0
Altroz,XE,2023-11,2023,11,2307,2268,2182,0
Altroz,XE,2023-12,2023,12,2307,2222,2223,0
Altroz,XM,2020-01,2020,1,1523,1450,1373,0
Altroz,XM,2020-02,2020,2,1523,1485,1468,0
Altroz,XM,2020-03,2020,3,1523,1452,1463,0
Altroz,XM,2020-04,2020,4,533,494,475,1
Altroz,XM,2020-05,2020,5,533,522,498,1
Altroz,XM,2020-06,2020,6,533,514,465,1
Altroz,XM,2020-07,2020,7,533,437,421,1
Altroz,XM,2020-08,2020,8,1523,1269,1290,0
Altroz,XM,2020-09,2020,9,1523,1250,1232,0
Altroz,XM,2020-10,2020,10,1523,1315,1336,0
Altroz,XM,2020-11,2020,11,1523,1353,1222,0
Altroz,XM,2020-12,2020,12,1523,1256,1213,0
Altroz,XM,2021-01,2021,1,1523,1519,1545,0
Altroz,XM,2021-02,2021,2,1523,1341,1284,0
Altroz,XM,2021-03,2021,3,1523,1276,1228,0
Altroz,XM,2021-04,2021,4,1523,1413,1314,0
Altroz,XM,2021-05,2021,5,1523,1416,1427,0
Altroz,XM,2021-06,2021,6,1523,1249,1158,0
Altroz,XM,2021-07,2021,7,1146,965,887,1
Altroz,XM,2021-08,2021,8,1304,1093,1080,0
Altroz,XM,2021-09,2021,9,1403,1384,1355,0
Altroz,XM,2021-10,2021,10,1141,953,884,1
Altroz,XM,2021-11,2021,11,1432,1422,1344,0
Altroz,XM,2021-12,2021,12,1190,1085,1014,1
Altroz,XM,2022-01,2022,1,1439,1237,1168,0
Altroz,XM,2022-02,2022,2,1229,1035,979,0
Altroz,XM,2022-03,2022,3,1392,1176,1140,0
Altroz,XM,2022-04,2022,4,1220,1037,934,0
Altroz,XM,2022-05,2022,5,1170,972,918,1
Altroz,XM,2022-06,2022,6,1374,1304,1321,0
Altroz,XM,2022-07,2022,7,1228,1163,1139,0
Altroz,XM,2022-08,2022,8,1523,1308,1224,0
Altroz,XM,2022-09,2022,9,1523,1394,1387,0
Altroz,XM,2022-10,2022,10,1523,1375,1275,0
Altroz,XM,2022-11,2022,11,1523,1521,1389,0
Altroz,XM,2022-12,2022,12,1523,1510,1505,0
Altroz,XM,2023-01,2023,1,1523,1478,1471,0
Altroz,XM,2023-02,2023,2,1523,1305,1273,0
Altroz,XM,2023-03,2023,3,1523,1456,1440,0
Altroz,XM,2023-04,2023,4,1523,1323,1219,0
Altroz,XM,2023-05,2023,5,1523,1338,1281,0
Altroz,XM,2023-06,2023,6,1523,1406,1406,0
Altroz,XM,2023-07,2023,7,1523,1459,1431,0
Altroz,XM,2023-08,2023,8,1523,1321,1264,0
Altroz,XM,2023-09,2023,9,1523,1340,1243,0
Altroz,XM,2023-10,2023,10,1523,1251,1176,0
Altroz,XM,2023-11,2023,11,1523,1319,1277,0
Altroz,XM,2023-12,2023,12,1523,1265,1179,0
Altroz,XZ,2020-01,2020,1,1410,1318,1276,0
Altroz,XZ,2020-02,2020,2,1410,1241,1138,0
Altroz,XZ,2020-03,2020,3,1410,1399,1357,0
Altroz,XZ,2020-04,2020,4,493,464,447,1
Altroz,XZ,2020-05,2020,5,493,475,478,1
Altroz,XZ,2020-06,2020,6,493,438,430,1
Altroz,XZ,2020-07,2020,7,493,424,414,1
Altroz,XZ,2020-08,2020,8,1410,1257,1132,0
Altroz,XZ,2020-09,2020,9,1410,1398,1403,0
Altroz,XZ,2020-10,2020,10,1410,1230,1254,0
Altroz,XZ,2020-11,2020,11,1410,1236,1180,0
Altroz,XZ,2020-12,2020,12,1410,1372,1284,0
Altroz,XZ,2021-01,2021,1,1410,1270,1244,0
Altroz,XZ,2021-02,2021,2,1410,1189,1130,0
Altroz,XZ,2021-03,2021,3,1410,1234,1210,0
Altroz,XZ,2021-04,2021,4,1410,1190,1104,0
Altroz,XZ,2021-05,2021,5,1410,1336,1227,0
Altroz,XZ,2021-06,2021,6,1410,1263,1244,0
Altroz,XZ,2021-07,2021,7,1256,1051,1053,0
Altroz,XZ,2021-08,2021,8,1242,1094,1084,0
Altroz,XZ,2021-09,2021,9,1243,1153,1114,0
Altroz,XZ,2021-10,2021,10,1245,1244,1205,0
Altroz,XZ,2021-11,2021,11,1272,1213,1216,0
Altroz,XZ,2021-12,2021,12,1323,1130,1039,0
Altroz,XZ,2022-01,2022,1,1193,1074,1040,0
Altroz,XZ,2022-02,2022,2,1268,1252,1189,0
Altroz,XZ,2022-03,2022,3,1240,1060,1021,0
Altroz,XZ,2022-04,2022,4,994,905,873,1
Altroz,XZ,2022-05,2022,5,1246,1167,1100,0
Altroz,XZ,2022-06,2022,6,989,831,844,1
Altroz,XZ,2022-07,2022,7,1312,1152,1072,0
Altroz,XZ,2022-08,2022,8,1410,1266,1244,0
Altroz,XZ,2022-09,2022,9,1410,1246,1131,0
Altroz,XZ,2022-10,2022,10,1410,1258,1171,0
Altroz,XZ,2022-11,2022,11,1410,1238,1138,0
Altroz,XZ,2022-12,2022,12,1410,1323,1274,0
Altroz,XZ,2023-01,2023,1,1410,1224,1182,0
Altroz,XZ,2023-02,2023,2,1410,1281,1275,0
Altroz,XZ,2023-03,2023,3,1410,1398,1280,0
Altroz,XZ,2023-04,2023,4,1410,1380,1358,0
Altroz,XZ,2023-05,2023,5,1410,1331,1257,0
Altroz,XZ,2023-06,2023,6,1410,1243,1119,0
Altroz,XZ,2023-07,2023,7,1410,1405,1366,0
Altroz,XZ,2023-08,2023,8,1410,1258,1214,0
Altroz,XZ,2023-09,2023,9,1410,1166,1073,0
Altroz,XZ,2023-10,2023,10,1410,1314,1263,0
Altroz,XZ,2023-11,2023,11,1410,1355,1326,0
Altroz,XZ,2023-12,2023,12,1410,1308,1305,0
Altroz,XZ+,2020-01,2020,1,876,729,716,0
Altroz,XZ+,2020-02,2020,2,876,831,775,0
Altroz,XZ+,2020-03,2020,3,876,749,693,0
Altroz,XZ+,2020-04,2020,4,306,261,251,1
Altroz,XZ+,2020-05,2020,5,306,258,252,1
Altroz,XZ+,2020-06,2020,6,306,256,231,1
Altroz,XZ+,2020-07,2020,7,306,268,247,1
Altroz,XZ+,2020-08,2020,8,876,874,818,0
Altroz,XZ+,2020-09,2020,9,876,753,695,0
Altroz,XZ+,2020-10,2020,10,876,777,755,0
Altroz,XZ+,2020-11,2020,11,876,841,793,0
Altroz,XZ+,2020-12,2020,12,876,817,782,0
Altroz,XZ+,2021-01,2021,1,876,851,824,0
Altroz,XZ+,2021-02,2021,2,876,764,752,0
Altroz,XZ+,2021-03,2021,3,876,847,809,0
Altroz,XZ+,2021-04,2021,4,876,873,877,0
Altroz,XZ+,2021-05,2021,5,876,749,744,0
Altroz,XZ+,2021-06,2021,6,876,813,783,0
Altroz,XZ+,2021-07,2021,7,725,705,686,0
Altroz,XZ+,2021-08,2021,8,730,605,577,0
Altroz,XZ+,2021-09,2021,9,812,769,696,0
Altroz,XZ+,2021-10,2021,10,806,780,753,0
Altroz,XZ+,2021-11,2021,11,618,569,515,1
Altroz,XZ+,2021-12,2021,12,683,637,643,1
Altroz,XZ+,2022-01,2022,1,691,673,679,1
Altroz,XZ+,2022-02,2022,2,617,532,524,1
Altroz,XZ+,2022-03,2022,3,778,692,677,0
Altroz,XZ+,2022-04,2022,4,747,712,702,0
Altroz,XZ+,2022-05,2022,5,632,536,490,1
Altroz,XZ+,2022-06,2022,6,817,804,800,0
Altroz,XZ+,2022-07,2022,7,638,589,543,1
Altroz,XZ+,2022-08,2022,8,876,776,723,0
Altroz,XZ+,2022-09,2022,9,876,849,778,0
Altroz,XZ+,2022-10,2022,10,876,820,834,0
Altroz,XZ+,2022-11,2022,11,876,826,751,0
Altroz,XZ+,2022-12,2022,12,876,861,841,0
Altroz,XZ+,2023-01,2023,1,876,790,773,0
Altroz,XZ+,2023-02,2023,2,876,856,819,0
Altroz,XZ+,2023-03,2023,3,876,802,765,0
Altroz,XZ+,2023-04,2023,4,876,729,724,0
Altroz,XZ+,2023-05,2023,5,876,738,699,0
Altroz,XZ+,2023-06,2023,6,876,779,727,0
Altroz,XZ+,2023-07,2023,7,876,781,760,0
Altroz,XZ+,2023-08,2023,8,876,767,706,0
Altroz,XZ+,2023-09,2023,9,876,855,869,0
Altroz,XZ+,2023-10,2023,10,876,790,742,0
Altroz,XZ+,2023-11,2023,11,876,725,655,0
Altroz,XZ+,2023-12,2023,12,876,780,789,0
Harrier,XE,2020-01,2020,1,2189,1932,1963,0
Harrier,XE,2020-02,2020,2,2189,1963,1831,0
Harrier,XE,2020-03,2020,3,2189,1962,1815,0
Harrier,XE,2020-04,2020,4,766,750,707,1
Harrier,XE,2020-05,2020,5,766,718,679,1
Harrier,XE,2020-06,2020,6,766,752,734,1
Harrier,XE,2020-07,2020,7,766,695,636,1
Harrier,XE,2020-08,2020,8,2189,2150,2076,0
Harrier,XE,2020-09,2020,9,2189,1907,1917,0
Harrier,XE,2020-10,2020,10,2189,1816,1702,0
Harrier,XE,2020-11,2020,11,2189,2006,1887,0
Harrier,XE,2020-12,2020,12,2189,1982,1846,0
Harrier,XE,2021-01,2021,1,2189,1846,1669,0
Harrier,XE,2021-02,2021,2,2189,1857,1883,0
Harrier,XE,2021-03,2021,3,2189,2021,1937,0
Harrier,XE,2021-04,2021,4,2189,1946,1916,0
Harrier,XE,2021-05,2021,5,2189,1850,1726,0
Harrier,XE,2021-06,2021,6,2189,2053,1965,0
Harrier,XE,2021-07,2021,7,1953,1916,1913,0
Harrier,XE,2021-08,2021,8,1633,1365,1256,1
Harrier,XE,2021-09,2021,9,1961,1930,1951,0
Harrier,XE,2021-10,2021,10,1695,1646,1587,1
Harrier,XE,2021-11,2021,11,1982,1820,1669,0
Harrier,XE,2021-12,2021,12,1575,1562,1485,1
Harrier,XE,2022-01,2022,1,1724,1524,1440,1
Harrier,XE,2022-02,2022,2,2049,1703,1557,0
Harrier,XE,2022-03,2022,3,1964,1804,1651,0
Harrier,XE,2022-04,2022,4,1551,1334,1242,1
Harrier,XE,2022-05,2022,5,1540,1322,1306,1
Harrier,XE,2022-06,2022,6,2000,1963,1858,0
Harrier,XE,2022-07,2022,7,1707,1706,1692,1
Harrier,XE,2022-08,2022,8,2189,2006,1866,0
Harrier,XE,2022-09,2022,9,2189,1921,1847,0
Harrier,XE,2022-10,2022,10,2189,2008,1810,0
Harrier,XE,2022-11,2022,11,2189,2173,2105,0
Harrier,XE,2022-12,2022,12,2189,2027,1875,0
Harrier,XE,2023-01,2023,1,2189,2096,2071,0
Harrier,XE,2023-02,2023,2,2189,1832,1779,0
Harrier,XE,2023-03,2023,3,2189,2054,2054,0
Harrier,XE,2023-04,2023,4,2189,1876,1885,0
Harrier,XE,2023-05,2023,5,2189,1976,1801,0
Harrier,XE,2023-06,2023,6,2189,1836,1695,0
Harrier,XE,2023-07,2023,7,2189,1906,1828,0
Harrier,XE,2023-08,2023,8,2189,2090,1927,0
Harrier,XE,2023-09,2023,9,2189,2186,2009,0
Harrier,XE,2023-10,2023,10,2189,2031,2054,0
Harrier,XE,2023-11,2023,11,2189,2123,2075,0
Harrier,XE,2023-12,2023,12,2189,2076,1901,0
Harrier,XM,2020-01,2020,1,2042,1677,1596,0
Harrier,XM,2020-02,2020,2,2042,1707,1609,0
Harrier,XM,2020-03,2020,3,2042,1756,1773,0
Harrier,XM,2020-04,2020,4,714,698,696,1
Harrier,XM,2020-05,2020,5,714,677,621,1
Harrier,XM,2020-06,2020,6,714,591,578,1
Harrier,XM,2020-07,2020,7,714,668,630,1
Harrier,XM,2020-08,2020,8,2042,1848,1771,0
Harrier,XM,2020-09,2020,9,2042,1762,1652,0
Harrier,XM,2020-10,2020,10,2042,1828,1777,0
Harrier,XM,2020-11,2020,11,2042,2025,1953,0
Harrier,XM,2020-12,2020,12,2042,1943,1936,0
Harrier,XM,2021-01,2021,1,2042,1716,1678,0
Harrier,XM,2021-02,2021,2,2042,1851,1793,0
Harrier,XM,2021-03,2021,3,2042,1688,1702,0
Harrier,XM,2021-04,2021,4,2042,2024,1822,0
Harrier,XM,2021-05,2021,5,2042,1752,1614,0
Harrier,XM,2021-06,2021,6,2042,1961,1905,0
Harrier,XM,2021-07,2021,7,1519,1468,1383,1
Harrier,XM,2021-08,2021,8,1664,1480,1424,0
Harrier,XM,2021-09,2021,9,1674,1455,1383,0
Harrier,XM,2021-10,2021,10,1893,1723,1740,0
Harrier,XM,2021-11,2021,11,1710,1638,1531,0
Harrier,XM,2021-12,2021,12,1832,1589,1433,0
Harrier,XM,2022-01,2022,1,1511,1244,1260,1
Harrier,XM,2022-02,2022,2,1939,1856,1694,0
Harrier,XM,2022-03,2022,3,1888,1800,1691,0
Harrier,XM,2022-04,2022,4,1685,1582,1428,0
Harrier,XM,2022-05,2022,5,1685,1603,1478,0
Harrier,XM,2022-06,2022,6,1655,1515,1497,0
Harrier,XM,2022-07,2022,7,1921,1868,1820,0
Harrier,XM,2022-08,2022,8,2042,1888,1835,0
Harrier,XM,2022-09,2022,9,2042,1874,1699,0
Harrier,XM,2022-10,2022,10,2042,1931,1903,0
Harrier,XM,2022-11,2022,11,2042,1862,1870,0
Harrier,XM,2022-12,2022,12,2042,1921,1812,0
Harrier,XM,2023-01,2023,1,2042,1681,1524,0
Harrier,XM,2023-02,2023,2,2042,1803,1722,0
Harrier,XM,2023-03,2023,3,2042,1735,1600,0
Harrier,XM,2023-04,2023,4,2042,1759,1747,0
Harrier,XM,2023-05,2023,5,2042,1957,1851,0
Harrier,XM,2023-06,2023,6,2042,1737,1586,0
Harrier,XM,2023-07,2023,7,2042,1706,1615,0
Harrier,XM,2023-08,2023,8,2042,1691,1589,0
Harrier,XM,2023-09,2023,9,2042,2027,1947,0
Harrier,XM,2023-10,2023,10,2042,1976,1809,0
Harrier,XM,2023-11,2023,11,2042,1772,1796,0
Harrier,XM,2023-12,2023,12,2042,1815,1774,0
Harrier,XZ,2020-01,2020,1,1230,1130,1058,0
Harrier,XZ,2020-02,2020,2,1230,1126,1020,0
Harrier,XZ,2020-03,2020,3,1230,1033,930,0
Harrier,XZ,2020-04,2020,4,430,421,412,1
Harrier,XZ,2020-05,2020,5,430,375,347,1
Harrier,XZ,2020-06,2020,6,430,405,409,1
Harrier,XZ,2020-07,2020,7,430,375,351,1
Harrier,XZ,2020-08,2020,8,1230,1197,1205,0
Harrier,XZ,2020-09,2020,9,1230,1210,1131,0
Harrier,XZ,2020-10,2020,10,1230,1035,986,0
Harrier,XZ,2020-11,2020,11,1230,1074,1080,0
Harrier,XZ,2020-12,2020,12,1230,1016,991,0
Harrier,XZ,2021-01,2021,1,1230,1209,1229,0
Harrier,XZ,2021-02,2021,2,1230,1152,1168,0
Harrier,XZ,2021-03,2021,3,1230,1025,966,0
Harrier,XZ,2021-04,2021,4,1230,1010,1027,0
Harrier,XZ,2021-05,2021,5,1230,1208,1091,0
Harrier,XZ,2021-06,2021,6,1230,1012,955,0
Harrier,XZ,2021-07,2021,7,940,914,840,1
Harrier,XZ,2021-08,2021,8,1104,1015,959,0
Harrier,XZ,2021-09,2021,9,905,904,880,1
Harrier,XZ,2021-10,2021,10,996,883,890,0
Harrier,XZ,2021-11,2021,11,1113,1075,1046,0
Harrier,XZ,2021-12,2021,12,1134,990,974,0
Harrier,XZ,2022-01,2022,1,985,914,932,0
Harrier,XZ,2022-02,2022,2,1163,1060,1026,0
Harrier,XZ,2022-03,2022,3,1136,1133,1125,0
Harrier,XZ,2022-04,2022,4,881,773,778,1
Harrier,XZ,2022-05,2022,5,1097,1046,1025,0
Harrier,XZ,2022-06,2022,6,988,881,878,0
Harrier,XZ,2022-07,2022,7,951,897,885,1
Harrier,XZ,2022-08,2022,8,1230,1195,1121,0
Harrier,XZ,2022-09,2022,9,1230,1172,1069,0
Harrier,XZ,2022-10,2022,10,1230,1039,987,0
Harrier,XZ,2022-11,2022,11,1230,1020,1033,0
Harrier,XZ,2022-12,2022,12,1230,1208,1094,0
Harrier,XZ,2023-01,2023,1,1230,1194,1147,0
Harrier,XZ,2023-02,2023,2,1230,1164,1171,0
Harrier,XZ,2023-03,2023,3,1230,1136,1038,0
Harrier,XZ,2023-04,2023,4,1230,1009,968,0
Harrier,XZ,2023-05,2023,5,1230,1218,1179,0
Harrier,XZ,2023-06,2023,6,1230,1091,985,0
Harrier,XZ,2023-07,2023,7,1230,1211,1137,0
Harrier,XZ,2023-08,2023,8,1230,1164,1144,0
Harrier,XZ,2023-09,2023,9,1230,1064,965,0
Harrier,XZ,2023-10,2023,10,1230,1093,1025,0
Harrier,XZ,2023-11,2023,11,1230,1163,1161,0
Harrier,XZ,2023-12,2023,12,1230,1057,1018,0
Harrier,XZ+,2020-01,2020,1,2459,2034,1882,0
Harrier,XZ+,2020-02,2020,2,2459,2353,2341,0
Harrier,XZ+,2020-03,2020,3,2459,2360,2164,0
Harrier,XZ+,2020-04,2020,4,860,790,751,1
Harrier,XZ+,2020-05,2020,5,860,858,839,1
Harrier,XZ+,2020-06,2020,6,860,849,778,1
Harrier,XZ+,2020-07,2020,7,860,774,768,1
Harrier,XZ+,2020-08,2020,8,2459,2179,2126,0
Harrier,XZ+,2020-09,2020,9,2459,2242,2284,0
Harrier,XZ+,2020-10,2020,10,2459,2093,2118,0
Harrier,XZ+,2020-11,2020,11,2459,2194,2097,0
Harrier,XZ+,2020-12,2020,12,2459,2250,2096,0
Harrier,XZ+,2021-01,2021,1,2459,2442,2464,0
Harrier,XZ+,2021-02,2021,2,2459,2447,2495,0
Harrier,XZ+,2021-03,2021,3,2459,2312,2206,0
Harrier,XZ+,2021-04,2021,4,2459,2392,2159,0
Harrier,XZ+,2021-05,2021,5,2459,2385,2288,0
Harrier,XZ+,2021-06,2021,6,2459,2314,2186,0
Harrier,XZ+,2021-07,2021,7,1947,1607,1528,1
Harrier,XZ+,2021-08,2021,8,1972,1696,1576,0
Harrier,XZ+,2021-09,2021,9,2080,1824,1823,0
Harrier,XZ+,2021-10,2021,10,1789,1652,1518,1
Harrier,XZ+,2021-11,2021,11,2046,1881,1837,0
Harrier,XZ+,2021-12,2021,12,1984,1808,1666,0
Harrier,XZ+,2022-01,2022,1,2005,1778,1742,0
Harrier,XZ+,2022-02,2022,2,1988,1909,1815,0
Harrier,XZ+,2022-03,2022,3,1866,1622,1468,1
Harrier,XZ+,2022-04,2022,4,2053,1990,1974,0
Harrier,XZ+,2022-05,2022,5,1990,1702,1708,0
Harrier,XZ+,2022-06,2022,6,1756,1566,1570,1
Harrier,XZ+,2022-07,2022,7,1963,1651,1538,1
Harrier,XZ+,2022-08,2022,8,2459,2281,2094,0
Harrier,XZ+,2022-09,2022,9,2459,2306,2196,0
Harrier,XZ+,2022-10,2022,10,2459,2164,2010,0
Harrier,XZ+,2022-11,2022,11,2459,2380,2255,0
Harrier,XZ+,2022-12,2022,12,2459,2343,2232,0
Harrier,XZ+,2023-01,2023,1,2459,2057,1960,0
Harrier,XZ+,2023-02,2023,2,2459,2241,2140,0
Harrier,XZ+,2023-03,2023,3,2459,2377,2399,0
Harrier,XZ+,2023-04,2023,4,2459,2364,2292,0
Harrier,XZ+,2023-05,2023,5,2459,2256,2204,0
Harrier,XZ+,2023-06,2023,6,2459,2143,2137,0
Harrier,XZ+,2023-07,2023,7,2459,2395,2232,0
Harrier,XZ+,2023-08,2023,8,2459,2415,2419,0
Harrier,XZ+,2023-09,2023,9,2459,2204,2224,0
Harrier,XZ+,2023-10,2023,10,2459,2069,1869,0
Harrier,XZ+,2023-11,2023,11,2459,2170,2100,0
Harrier,XZ+,2023-12,2023,12,2459,2171,2199,0
Harrier,Dark,2020-01,2020,1,2072,1803,1760,0
Harrier,Dark,2020-02,2020,2,2072,1700,1678,0
Harrier,Dark,2020-03,2020,3,2072,1839,1870,0
Harrier,Dark,2020-04,2020,4,725,684,619,1
Harrier,Dark,2020-05,2020,5,725,606,551,1
Harrier,Dark,2020-06,2020,6,725,718,705,1
Harrier,Dark,2020-07,2020,7,725,650,600,1
Harrier,Dark,2020-08,2020,8,2072,2024,1870,0
Harrier,Dark,2020-09,2020,9,2072,1962,1945,0
Harrier,Dark,2020-10,2020,10,2072,1808,1736,0
Harrier,Dark,2020-11,2020,11,2072,1782,1684,0
Harrier,Dark,2020-12,2020,12,2072,2058,2023,0
Harrier,Dark,2021-01,2021,1,2072,2014,1943,0
Harrier,Dark,2021-02,2021,2,2072,1788,1762,0
Harrier,Dark,2021-03,2021,3,2072,1885,1736,0
Harrier,Dark,2021-04,2021,4,2072,1852,1807,0
Harrier,Dark,2021-05,2021,5,2072,1973,1833,0
Harrier,Dark,2021-06,2021,6,2072,2025,1914,0
Harrier,Dark,2021-07,2021,7,1590,1359,1354,1
Harrier,Dark,2021-08,2021,8,1633,1481,1372,1
Harrier,Dark,2021-09,2021,9,1805,1733,1630,0
Harrier,Dark,2021-10,2021,10,1939,1600,1465,0
Harrier,Dark,2021-11,2021,11,1755,1660,1543,0
Harrier,Dark,2021-12,2021,12,1737,1523,1471,0
Harrier,Dark,2022-01,2022,1,1791,1782,1701,0
Harrier,Dark,2022-02,2022,2,1786,1650,1547,0
Harrier,Dark,2022-03,2022,3,1581,1577,1458,1
Harrier,Dark,2022-04,2022,4,1859,1573,1567,0
Harrier,Dark,2022-05,2022,5,1546,1536,1508,1
Harrier,Dark,2022-06,2022,6,1497,1414,1375,1
Harrier,Dark,2022-07,2022,7,1625,1408,1388,1
Harrier,Dark,2022-08,2022,8,2072,1975,1855,0
Harrier,Dark,2022-09,2022,9,2072,2025,1887,0
Harrier,Dark,2022-10,2022,10,2072,1725,1676,0
Harrier,Dark,2022-11,2022,11,2072,1738,1621,0
Harrier,Dark,2022-12,2022,12,2072,1888,1764,0
Harrier,Dark,2023-01,2023,1,2072,1779,1751,0
Harrier,Dark,2023-02,2023,2,2072,1903,1904,0
Harrier,Dark,2023-03,2023,3,2072,1915,1834,0
Harrier,Dark,2023-04,2023,4,2072,1796,1787,0
Harrier,Dark,2023-05,2023,5,2072,1772,1646,0
Harrier,Dark,2023-06,2023,6,2072,2012,1989,0
Harrier,Dark,2023-07,2023,7,2072,1927,1743,0
Harrier,Dark,2023-08,2023,8,2072,1746,1676,0
Harrier,Dark,2023-09,2023,9,2072,1977,1889,0
Harrier,Dark,2023-10,2023,10,2072,1705,1572,0
Harrier,Dark,2023-11,2023,11,2072,1918,1885,0
Harrier,Dark,2023-12,2023,12,2072,1711,1548,0
Tiago,XE,2020-01,2020,1,1233,1069,972,0
Tiago,XE,2020-02,2020,2,1233,1131,1034,0
Tiago,XE,2020-03,2020,3,1233,1154,1146,0
Tiago,XE,2020-04,2020,4,431,428,433,1
Tiago,XE,2020-05,2020,5,431,374,337,1
Tiago,XE,2020-06,2020,6,431,378,372,1
Tiago,XE,2020-07,2020,7,431,358,337,1
Tiago,XE,2020-08,2020,8,1233,1077,997,0
Tiago,XE,2020-09,2020,9,1233,1167,1142,0
Tiago,XE,2020-10,2020,10,1233,1129,1139,0
Tiago,XE,2020-11,2020,11,1233,1033,948,0
Tiago,XE,2020-12,2020,12,1233,1096,1072,0
Tiago,XE,2021-01,2021,1,1233,1140,1036,0
Tiago,XE,2021-02,2021,2,1233,1223,1145,0
Tiago,XE,2021-03,2021,3,1233,1090,1062,0
Tiago,XE,2021-04,2021,4,1233,1220,1195,0
Tiago,XE,2021-05,2021,5,1233,1222,1127,0
Tiago,XE,2021-06,2021,6,1233,1148,1147,0
Tiago,XE,2021-07,2021,7,1020,902,918,0
Tiago,XE,2021-08,2021,8,906,809,812,1
Tiago,XE,2021-09,2021,9,1140,1135,1142,0
Tiago,XE,2021-10,2021,10,878,866,823,1
Tiago,XE,2021-11,2021,11,1063,947,944,0
Tiago,XE,2021-12,2021,12,1040,1011,933,0
Tiago,XE,2022-01,2022,1,920,827,744,1
Tiago,XE,2022-02,2022,2,1076,939,907,0
Tiago,XE,2022-03,2022,3,884,752,733,1
Tiago,XE,2022-04,2022,4,957,821,761,1
Tiago,XE,2022-05,2022,5,929,865,795,1
Tiago,XE,2022-06,2022,6,974,919,883,1
Tiago,XE,2022-07,2022,7,1047,905,915,0
Tiago,XE,2022-08,2022,8,1233,1102,1029,0
Tiago,XE,2022-09,2022,9,1233,1211,1185,0
Tiago,XE,2022-10,2022,10,1233,1147,1154,0
Tiago,XE,2022-11,2022,11,1233,1024,1024,0
Tiago,XE,2022-12,2022,12,1233,1161,1095,0
Tiago,XE,2023-01,2023,1,1233,1067,973,0
Tiago,XE,2023-02,2023,2,1233,1219,1117,0
Tiago,XE,2023-03,2023,3,1233,1068,1049,0
Tiago,XE,2023-04,2023,4,1233,1168,1073,0
Tiago,XE,2023-05,2023,5,1233,1191,1144,0
Tiago,XE,2023-06,2023,6,1233,1199,1091,0
Tiago,XE,2023-07,2023,7,1233,1020,995,0
Tiago,XE,2023-08,2023,8,1233,1044,1005,0
Tiago,XE,2023-09,2023,9,1233,1014,1007,0
Tiago,XE,2023-10,2023,10,1233,1210,1210,0
Tiago,XE,2023-11,2023,11,1233,1223,1233,0
Tiago,XE,2023-12,2023,12,1233,1109,1051,0
Tiago,XM,2020-01,2020,1,1050,1036,1053,0
Tiago,XM,2020-02,2020,2,1050,1006,929,0
Tiago,XM,2020-03,2020,3,1050,1039,1053,0
Tiago,XM,2020-04,2020,4,367,344,344,1
Tiago,XM,2020-05,2020,5,367,338,342,1
Tiago,XM,2020-06,2020,6,367,307,308,1
Tiago,XM,2020-07,2020,7,367,304,285,1
Tiago,XM,2020-08,2020,8,1050,886,848,0
Tiago,XM,2020-09,2020,9,1050,904,916,0
Tiago,XM,2020-10,2020,10,1050,966,973,0
Tiago,XM,2020-11,2020,11,1050,913,824,0
Tiago,XM,2020-12,2020,12,1050,1007,991,0
Tiago,XM,2021-01,2021,1,1050,964,961,0
Tiago,XM,2021-02,2021,2,1050,1019,988,0
Tiago,XM,2021-03,2021,3,1050,1043,1028,0
Tiago,XM,2021-04,2021,4,1050,988,932,0
Tiago,XM,2021-05,2021,5,1050,861,799,0
Tiago,XM,2021-06,2021,6,1050,1005,990,0
Tiago,XM,2021-07,2021,7,821,765,706,1
Tiago,XM,2021-08,2021,8,804,796,755,1
Tiago,XM,2021-09,2021,9,799,725,686,1
Tiago,XM,2021-10,2021,10,926,919,892,0
Tiago,XM,2021-11,2021,11,890,788,762,0
Tiago,XM,2021-12,2021,12,818,670,672,1
Tiago,XM,2022-01,2022,1,847,769,699,0
Tiago,XM,2022-02,2022,2,954,811,769,0
Tiago,XM,2022-03,2022,3,955,861,871,0
Tiago,XM,2022-04,2022,4,789,748,760,1
Tiago,XM,2022-05,2022,5,879,830,786,0
Tiago,XM,2022-06,2022,6,932,916,901,0
Tiago,XM,2022-07,2022,7,980,907,879,0
Tiago,XM,2022-08,2022,8,1050,918,904,0
Tiago,XM,2022-09,2022,9,1050,1027,1003,0
Tiago,XM,2022-10,2022,10,1050,905,873,0
Tiago,XM,2022-11,2022,11,1050,1003,1015,0
Tiago,XM,2022-12,2022,12,1050,890,814,0
Tiago,XM,2023-01,2023,1,1050,939,859,0
Tiago,XM,2023-02,2023,2,1050,1046,994,0
Tiago,XM,2023-03,2023,3,1050,961,891,0
Tiago,XM,2023-04,2023,4,1050,945,962,0
Tiago,XM,2023-05,2023,5,1050,953,858,0
Tiago,XM,2023-06,2023,6,1050,906,921,0
Tiago,XM,2023-07,2023,7,1050,1047,968,0
Tiago,XM,2023-08,2023,8,1050,977,888,0
Tiago,XM,2023-09,2023,9,1050,970,887,0
Tiago,XM,2023-10,2023,10,1050,1015,1027,0
Tiago,XM,2023-11,2023,11,1050,893,853,0
Tiago,XM,2023-12,2023,12,1050,880,827,0
Tiago,XZ,2020-01,2020,1,2323,1932,1800,0
Tiago,XZ,2020-02,2020,2,2323,2318,2098,0
Tiago,XZ,2020-03,2020,3,2323,2264,2058,0
Tiago,XZ,2020-04,2020,4,813,744,709,1
Tiago,XZ,2020-05,2020,5,813,802,740,1
Tiago,XZ,2020-06,2020,6,813,692,684,1
Tiago,XZ,2020-07,2020,7,813,772,759,1
Tiago,XZ,2020-08,2020,8,2323,1915,1783,0
Tiago,XZ,2020-09,2020,9,2323,2256,2193,0
Tiago,XZ,2020-10,2020,10,2323,2156,2016,0
Tiago,XZ,2020-11,2020,11,2323,2013,2040,0
Tiago,XZ,2020-12,2020,12,2323,2209,2021,0
Tiago,XZ,2021-01,2021,1,2323,2296,2226,0
Tiago,XZ,2021-02,2021,2,2323,2044,1937,0
Tiago,XZ,2021-03,2021,3,2323,2208,2086,0
Tiago,XZ,2021-04,2021,4,2323,2146,2114,0
Tiago,XZ,2021-05,2021,5,2323,1986,2012,0
Tiago,XZ,2021-06,2021,6,2323,2053,1951,0
Tiago,XZ,2021-07,2021,7,2031,1887,1797,0
Tiago,XZ,2021-08,2021,8,2003,1967,1959,0
Tiago,XZ,2021-09,2021,9,2104,1823,1732,0
Tiago,XZ,2021-10,2021,10,1947,1612,1599,0
Tiago,XZ,2021-11,2021,11,1813,1578,1469,1
Tiago,XZ,2021-12,2021,12,1790,1576,1532,1
Tiago,XZ,2022-01,2022,1,1965,1701,1573,0
Tiago,XZ,2022-02,2022,2,2106,1762,1694,0
Tiago,XZ,2022-03,2022,3,1928,1780,1791,0
Tiago,XZ,2022-04,2022,4,1988,1978,1987,0
Tiago,XZ,2022-05,2022,5,1750,1510,1421,1
Tiago,XZ,2022-06,2022,6,1853,1703,1580,1
Tiago,XZ,2022-07,2022,7,1755,1559,1528,1
Tiago,XZ,2022-08,2022,8,2323,2192,2229,0
Tiago,XZ,2022-09,2022,9,2323,1989,1883,0
Tiago,XZ,2022-10,2022,10,2323,2308,2268,0
Tiago,XZ,2022-11,2022,11,2323,2152,2076,0
Tiago,XZ,2022-12,2022,12,2323,1936,1949,0
Tiago,XZ,2023-01,2023,1,2323,2166,2097,0
Tiago,XZ,2023-02,2023,2,2323,2130,2017,0
Tiago,XZ,2023-03,2023,3,2323,2011,1992,0
Tiago,XZ,2023-04,2023,4,2323,2117,1913,0
Tiago,XZ,2023-05,2023,5,2323,2071,2094,0
Tiago,XZ,2023-06,2023,6,2323,2061,1957,0
Tiago,XZ,2023-07,2023,7,2323,2165,2156,0
Tiago,XZ,2023-08,2023,8,2323,2184,2188,0
Tiago,XZ,2023-09,2023,9,2323,1952,1973,0
Tiago,XZ,2023-10,2023,10,2323,2282,2195,0
Tiago,XZ,2023-11,2023,11,2323,2166,2004,0
Tiago,XZ,2023-12,2023,12,2323,2092,1933,0
Tiago,XZ+,2020-01,2020,1,1354,1349,1256,0
Tiago,XZ+,2020-02,2020,2,1354,1254,1173,0
Tiago,XZ+,2020-03,2020,3,1354,1200,1137,0
Tiago,XZ+,2020-04,2020,4,473,416,406,1
Tiago,XZ+,2020-05,2020,5,473,469,446,1
Tiago,XZ+,2020-06,2020,6,473,470,460,1
Tiago,XZ+,2020-07,2020,7,473,439,407,1
Tiago,XZ+,2020-08,2020,8,1354,1125,1127,0
Tiago,XZ+,2020-09,2020,9,1354,1250,1187,0
Tiago,XZ+,2020-10,2020,10,1354,1308,1225,0
Tiago,XZ+,2020-11,2020,11,1354,1301,1222,0
Tiago,XZ+,2020-12,2020,12,1354,1334,1243,0
Tiago,XZ+,2021-01,2021,1,1354,1143,1124,0
Tiago,XZ+,2021-02,2021,2,1354,1149,1164,0
Tiago,XZ+,2021-03,2021,3,1354,1270,1178,0
Tiago,XZ+,2021-04,2021,4,1354,1161,1173,0
Tiago,XZ+,2021-05,2021,5,1354,1258,1267,0
Tiago,XZ+,2021-06,2021,6,1354,1137,1149,0
Tiago,XZ+,2021-07,2021,7,1123,1055,996,0
Tiago,XZ+,2021-08,2021,8,967,959,977,1
Tiago,XZ+,2021-09,2021,9,1071,1060,975,1
Tiago,XZ+,2021-10,2021,10,1000,833,788,1
Tiago,XZ+,2021-11,2021,11,965,859,787,1
Tiago,XZ+,2021-12,2021,12,1195,1159,1138,0
Tiago,XZ+,2022-01,2022,1,1015,972,903,1
Tiago,XZ+,2022-02,2022,2,1204,1110,1047,0
Tiago,XZ+,2022-03,2022,3,976,945,957,1
Tiago,XZ+,2022-04,2022,4,1173,1165,1179,0
Tiago,XZ+,2022-05,2022,5,1013,963,907,1
Tiago,XZ+,2022-06,2022,6,1112,943,959,0
Tiago,XZ+,2022-07,2022,7,1193,1035,977,0
Tiago,XZ+,2022-08,2022,8,1354,1213,1200,0
Tiago,XZ+,2022-09,2022,9,1354,1335,1252,0
Tiago,XZ+,2022-10,2022,10,1354,1225,1189,0
Tiago,XZ+,2022-11,2022,11,1354,1206,1158,0
Tiago,XZ+,2022-12,2022,12,1354,1136,1045,0
Tiago,XZ+,2023-01,2023,1,1354,1208,1219,0
Tiago,XZ+,2023-02,2023,2,1354,1195,1111,0
Tiago,XZ+,2023-03,2023,3,1354,1291,1308,0
Tiago,XZ+,2023-04,2023,4,1354,1222,1101,0
Tiago,XZ+,2023-05,2023,5,1354,1277,1212,0
Tiago,XZ+,2023-06,2023,6,1354,1274,1189,0
Tiago,XZ+,2023-07,2023,7,1354,1110,1044,0
Tiago,XZ+,2023-08,2023,8,1354,1282,1214,0
Tiago,XZ+,2023-09,2023,9,1354,1163,1111,0
Tiago,XZ+,2023-10,2023,10,1354,1293,1182,0
Tiago,XZ+,2023-11,2023,11,1354,1278,1252,0
Tiago,XZ+,2023-12,2023,12,1354,1200,1219,0
Tigor,XE,2020-01,2020,1,837,821,770,0
Tigor,XE,2020-02,2020,2,837,691,647,0
Tigor,XE,2020-03,2020,3,837,717,692,0
Tigor,XE,2020-04,2020,4,292,287,288,1
Tigor,XE,2020-05,2020,5,292,255,242,1
Tigor,XE,2020-06,2020,6,292,241,232,1
Tigor,XE,2020-07,2020,7,292,242,245,1
Tigor,XE,2020-08,2020,8,837,816,755,0
Tigor,XE,2020-09,2020,9,837,791,765,0
Tigor,XE,2020-10,2020,10,837,807,772,0
Tigor,XE,2020-11,2020,11,837,715,698,0
Tigor,XE,2020-12,2020,12,837,698,677,0
Tigor,XE,2021-01,2021,1,837,718,705,0
Tigor,XE,2021-02,2021,2,837,811,740,0
Tigor,XE,2021-03,2021,3,837,746,737,0
Tigor,XE,2021-04,2021,4,837,711,688,0
Tigor,XE,2021-05,2021,5,837,787,741,0
Tigor,XE,2021-06,2021,6,837,811,779,0
Tigor,XE,2021-07,2021,7,717,606,547,0
Tigor,XE,2021-08,2021,8,596,585,588,1
Tigor,XE,2021-09,2021,9,754,645,621,0
Tigor,XE,2021-10,2021,10,752,707,646,0
Tigor,XE,2021-11,2021,11,773,656,603,0
Tigor,XE,2021-12,2021,12,774,702,663,0
Tigor,XE,2022-01,2022,1,701,698,638,0
Tigor,XE,2022-02,2022,2,744,654,597,0
Tigor,XE,2022-03,2022,3,674,619,572,0
Tigor,XE,2022-04,2022,4,670,626,606,0
Tigor,XE,2022-05,2022,5,737,715,678,0
Tigor,XE,2022-06,2022,6,674,612,592,0
Tigor,XE,2022-07,2022,7,608,532,489,1
Tigor,XE,2022-08,2022,8,837,744,756,0
Tigor,XE,2022-09,2022,9,837,774,736,0
Tigor,XE,2022-10,2022,10,837,771,755,0
Tigor,XE,2022-11,2022,11,837,751,716,0
Tigor,XE,2022-12,2022,12,837,792,718,0
Tigor,XE,2023-01,2023,1,837,767,740,0
Tigor,XE,2023-02,2023,2,837,800,814,0
Tigor,XE,2023-03,2023,3,837,806,774,0
Tigor,XE,2023-04,2023,4,837,711,690,0
Tigor,XE,2023-05,2023,5,837,812,821,0
Tigor,XE,2023-06,2023,6,837,810,747,0
Tigor,XE,2023-07,2023,7,837,793,797,0
Tigor,XE,2023-08,2023,8,837,788,774,0
Tigor,XE,2023-09,2023,9,837,761,743,0
Tigor,XE,2023-10,2023,10,837,730,664,0
Tigor,XE,2023-11,2023,11,837,811,821,0
Tigor,XE,2023-12,2023,12,837,815,766,0
Tigor,XM,2020-01,2020,1,897,780,780,0
Tigor,XM,2020-02,2020,2,897,841,854,0
Tigor,XM,2020-03,2020,3,897,790,763,0
Tigor,XM,2020-04,2020,4,313,301,279,1
Tigor,XM,2020-05,2020,5,313,310,301,1
Tigor,XM,2020-06,2020,6,313,257,232,1
Tigor,XM,2020-07,2020,7,313,306,299,1
Tigor,XM,2020-08,2020,8,897,858,852,0
Tigor,XM,2020-09,2020,9,897,803,799,0
Tigor,XM,2020-10,2020,10,897,886,815,0
Tigor,XM,2020-11,2020,11,897,858,803,0
Tigor,XM,2020-12,2020,12,897,787,747,0
Tigor,XM,2021-01,2021,1,897,874,788,0
Tigor,XM,2021-02,2021,2,897,805,790,0
Tigor,XM,2021-03,2021,3,897,753,749,0
Tigor,XM,2021-04,2021,4,897,887,807,0
Tigor,XM,2021-05,2021,5,897,760,772,0
Tigor,XM,2021-06,2021,6,897,767,697,0
Tigor,XM,2021-07,2021,7,841,824,806,0
Tigor,XM,2021-08,2021,8,751,740,724,0
Tigor,XM,2021-09,2021,9,775,753,736,0
Tigor,XM,2021-10,2021,10,740,658,631,0
Tigor,XM,2021-11,2021,11,745,659,628,0
Tigor,XM,2021-12,2021,12,807,722,652,0
Tigor,XM,2022-01,2022,1,691,595,592,1
Tigor,XM,2022-02,2022,2,728,633,631,0
Tigor,XM,2022-03,2022,3,632,538,537,1
Tigor,XM,2022-04,2022,4,751,720,720,0
Tigor,XM,2022-05,2022,5,839,697,694,0
Tigor,XM,2022-06,2022,6,786,673,680,0
Tigor,XM,2022-07,2022,7,718,703,683,0
Tigor,XM,2022-08,2022,8,897,820,753,0
Tigor,XM,2022-09,2022,9,897,883,853,0
Tigor,XM,2022-10,2022,10,897,736,664,0
Tigor,XM,2022-11,2022,11,897,861,791,0
Tigor,XM,2022-12,2022,12,897,832,816,0
Tigor,XM,2023-01,2023,1,897,780,755,0
Tigor,XM,2023-02,2023,2,897,774,784,0
Tigor,XM,2023-03,2023,3,897,874,816,0
Tigor,XM,2023-04,2023,4,897,820,787,0
Tigor,XM,2023-05,2023,5,897,890,843,0
Tigor,XM,2023-06,2023,6,897,826,835,0
Tigor,XM,2023-07,2023,7,897,761,735,0
Tigor,XM,2023-08,2023,8,897,752,732,0
Tigor,XM,2023-09,2023,9,897,794,806,0
Tigor,XM,2023-10,2023,10,897,802,734,0
Tigor,XM,2023-11,2023,11,897,870,868,0
Tigor,XM,2023-12,2023,12,897,847,838,0
Tigor,XZ,2020-01,2020,1,959,832,812,0
Tigor,XZ,2020-02,2020,2,959,792,731,0
Tigor,XZ,2020-03,2020,3,959,947,936,0
Tigor,XZ,2020-04,2020,4,335,288,263,1
Tigor,XZ,2020-05,2020,5,335,331,302,1
Tigor,XZ,2020-06,2020,6,335,290,267,1
Tigor,XZ,2020-07,2020,7,335,275,257,1
Tigor,XZ,2020-08,2020,8,959,954,897,0
Tigor,XZ,2020-09,2020,9,959,873,863,0
Tigor,XZ,2020-10,2020,10,959,881,871,0
Tigor,XZ,2020-11,2020,11,959,900,875,0
Tigor,XZ,2020-12,2020,12,959,898,894,0
Tigor,XZ,2021-01,2021,1,959,908,903,0
Tigor,XZ,2021-02,2021,2,959,811,795,0
Tigor,XZ,2021-03,2021,3,959,913,854,0
Tigor,XZ,2021-04,2021,4,959,937,877,0
Tigor,XZ,2021-05,2021,5,959,828,831,0
Tigor,XZ,2021-06,2021,6,959,829,787,0
Tigor,XZ,2021-07,2021,7,759,745,711,1
Tigor,XZ,2021-08,2021,8,837,805,785,0
Tigor,XZ,2021-09,2021,9,897,865,820,0
Tigor,XZ,2021-10,2021,10,899,822,742,0
Tigor,XZ,2021-11,2021,11,733,683,627,1
Tigor,XZ,2021-12,2021,12,811,717,691,0
Tigor,XZ,2022-01,2022,1,671,652,615,1
Tigor,XZ,2022-02,2022,2,704,632,605,1
Tigor,XZ,2022-03,2022,3,824,753,681,0
Tigor,XZ,2022-04,2022,4,880,793,721,0
Tigor,XZ,2022-05,2022,5,856,803,785,0
Tigor,XZ,2022-06,2022,6,773,690,665,0
Tigor,XZ,2022-07,2022,7,683,596,607,1
Tigor,XZ,2022-08,2022,8,959,900,855,0
Tigor,XZ,2022-09,2022,9,959,824,815,0
Tigor,XZ,2022-10,2022,10,959,831,764,0
Tigor,XZ,2022-11,2022,11,959,813,802,0
Tigor,XZ,2022-12,2022,12,959,897,814,0
Tigor,XZ,2023-01,2023,1,959,806,786,0
Tigor,XZ,2023-02,2023,2,959,884,868,0
Tigor,XZ,2023-03,2023,3,959,817,806,0
Tigor,XZ,2023-04,2023,4,959,947,920,0
Tigor,XZ,2023-05,2023,5,959,820,804,0
Tigor,XZ,2023-06,2023,6,959,845,765,0
Tigor,XZ,2023-07,2023,7,959,838,845,0
Tigor,XZ,2023-08,2023,8,959,857,860,0
Tigor,XZ,2023-09,2023,9,959,874,840,0
Tigor,XZ,2023-10,2023,10,959,787,768,0
Tigor,XZ,2023-11,2023,11,959,804,769,0
Tigor,XZ,2023-12,2023,12,959,831,787,0
