model,variant,year_month,year,month,current_price_inr,base_price_inr,price_change_pct,discount_offered_inr,campaign_active,months_since_launch,new_variant_flag,competitor_segment_launch
Nexon,XE,2020-01,2020,1,750000,750000,0.0,0,0,28,0,0
Nexon,XE,2020-02,2020,2,750000,750000,0.0,0,0,29,0,0
Nexon,XE,2020-03,2020,3,750000,750000,0.0,21995,1,30,0,0
Nexon,XE,2020-04,2020,4,750000,750000,0.0,0,0,31,0,0
Nexon,XE,2020-05,2020,5,757575,750000,0.0101,3637,1,32,0,0
Nexon,XE,2020-06,2020,6,757575,750000,0.0,17720,0,33,0,0
Nexon,XE,2020-07,2020,7,757575,750000,0.0,20621,0,34,0,0
Nexon,XE,2020-08,2020,8,757575,750000,0.0,14876,1,35,0,0
Nexon,XE,2020-09,2020,9,757575,750000,0.0,0,0,36,1,0
Nexon,XE,2020-10,2020,10,757575,750000,0.0,19394,1,37,0,0
Nexon,XE,2020-11,2020,11,774469,750000,0.0223,3096,1,38,0,0
Nexon,XE,2020-12,2020,12,774469,750000,0.0,3931,1,39,0,0
Nexon,XE,2021-01,2021,1,774469,750000,0.0,0,0,40,0,0
Nexon,XE,2021-02,2021,2,774469,750000,0.0,0,0,41,0,0
Nexon,XE,2021-03,2021,3,774469,750000,0.0,6474,1,42,0,0
Nexon,XE,2021-04,2021,4,774469,750000,0.0,6265,1,43,0,0
Nexon,XE,2021-05,2021,5,774469,750000,0.0,0,0,44,0,1
Nexon,XE,2021-06,2021,6,774469,750000,0.0,0,0,45,0,0
Nexon,XE,2021-07,2021,7,788719,750000,0.0184,0,0,46,0,0
Nexon,XE,2021-08,2021,8,788719,750000,0.0,15034,1,47,0,0
Nexon,XE,2021-09,2021,9,788719,750000,0.0,0,0,48,0,0
Nexon,XE,2021-10,2021,10,788719,750000,0.0,17254,1,49,0,0
Nexon,XE,2021-11,2021,11,788719,750000,0.0,21704,1,50,0,0
Nexon,XE,2021-12,2021,12,788719,750000,0.0,0,0,51,0,0
Nexon,XE,2022-01,2022,1,809857,750000,0.0268,14079,1,52,0,1
Nexon,XE,2022-02,2022,2,809857,750000,0.0,0,0,53,0,0
Nexon,XE,2022-03,2022,3,809857,750000,0.0,12134,1,54,1,0
Nexon,XE,2022-04,2022,4,809857,750000,0.0,0,0,55,0,0
Nexon,XE,2022-05,2022,5,809857,750000,0.0,0,0,56,0,0
Nexon,XE,2022-06,2022,6,804107,750000,-0.0071,0,0,57,0,0
Nexon,XE,2022-07,2022,7,804107,750000,0.0,0,0,58,0,0
Nexon,XE,2022-08,2022,8,804107,750000,0.0,11189,1,59,0,0
Nexon,XE,2022-09,2022,9,804107,750000,0.0,0,0,60,0,0
Nexon,XE,2022-10,2022,10,804107,750000,0.0,23695,1,61,0,0
Nexon,XE,2022-11,2022,11,804107,750000,0.0,3982,1,62,0,1
Nexon,XE,2022-12,2022,12,804107,750000,0.0,0,0,63,0,0
Nexon,XE,2023-01,2023,1,804107,750000,0.0,18948,0,64,0,0
Nexon,XE,2023-02,2023,2,804107,750000,0.0,0,0,65,0,0
Nexon,XE,2023-03,2023,3,804107,750000,0.0,11065,1,66,0,0
Nexon,XE,2023-04,2023,4,804107,750000,0.0,0,0,67,0,0
Nexon,XE,2023-05,2023,5,804107,750000,0.0,0,0,68,0,0
Nexon,XE,2023-06,2023,6,792608,750000,-0.0143,0,0,69,0,0
Nexon,XE,2023-07,2023,7,804973,750000,0.0156,0,0,70,0,0
Nexon,XE,2023-08,2023,8,804973,750000,0.0,24664,1,71,0,0
Nexon,XE,2023-09,2023,9,804973,750000,0.0,0,0,72,1,0
Nexon,XE,2023-10,2023,10,804973,750000,0.0,19751,1,73,0,0
Nexon,XE,2023-11,2023,11,804973,750000,0.0,5359,1,74,0,0
Nexon,XE,2023-12,2023,12,804973,750000,0.0,24660,0,75,0,0
Nexon,XM,2020-01,2020,1,790000,790000,0.0,0,0,28,0,0
Nexon,XM,2020-02,2020,2,790000,790000,0.0,7882,1,29,0,0
Nexon,XM,2020-03,2020,3,790000,790000,0.0,15220,1,30,0,0
Nexon,XM,2020-04,2020,4,785181,790000,-0.0061,0,0,31,0,0
Nexon,XM,2020-05,2020,5,785181,790000,0.0,22971,0,32,0,0
Nexon,XM,2020-06,2020,6,777251,790000,-0.0101,8159,0,33,0,0
Nexon,XM,2020-07,2020,7,777251,790000,0.0,0,0,34,0,1
Nexon,XM,2020-08,2020,8,777251,790000,0.0,18612,1,35,0,0
Nexon,XM,2020-09,2020,9,777251,790000,0.0,15987,0,36,1,0
Nexon,XM,2020-10,2020,10,777251,790000,0.0,14738,1,37,0,1
Nexon,XM,2020-11,2020,11,777251,790000,0.0,24972,1,38,0,0
Nexon,XM,2020-12,2020,12,777251,790000,0.0,0,0,39,0,0
Nexon,XM,2021-01,2021,1,777251,790000,0.0,10719,0,40,0,0
Nexon,XM,2021-02,2021,2,777251,790000,0.0,0,0,41,0,0
Nexon,XM,2021-03,2021,3,777251,790000,0.0,7443,1,42,0,0
Nexon,XM,2021-04,2021,4,777251,790000,0.0,0,0,43,0,0
Nexon,XM,2021-05,2021,5,777251,790000,0.0,0,0,44,0,0
Nexon,XM,2021-06,2021,6,777251,790000,0.0,0,0,45,0,0
Nexon,XM,2021-07,2021,7,777251,790000,0.0,0,0,46,0,0
Nexon,XM,2021-08,2021,8,777251,790000,0.0,17775,1,47,0,0
Nexon,XM,2021-09,2021,9,777251,790000,0.0,22856,1,48,0,0
Nexon,XM,2021-10,2021,10,777251,790000,0.0,23562,1,49,0,0
Nexon,XM,2021-11,2021,11,777251,790000,0.0,12525,1,50,0,0
Nexon,XM,2021-12,2021,12,777251,790000,0.0,0,0,51,0,0
Nexon,XM,2022-01,2022,1,786733,790000,0.0122,22751,0,52,0,0
Nexon,XM,2022-02,2022,2,786733,790000,0.0,18360,0,53,0,0
Nexon,XM,2022-03,2022,3,778787,790000,-0.0101,9046,1,54,1,0
Nexon,XM,2022-04,2022,4,778787,790000,0.0,0,0,55,0,0
Nexon,XM,2022-05,2022,5,778787,790000,0.0,0,0,56,0,0
Nexon,XM,2022-06,2022,6,771311,790000,-0.0096,0,0,57,0,0
Nexon,XM,2022-07,2022,7,771311,790000,0.0,13769,1,58,0,0
Nexon,XM,2022-08,2022,8,780721,790000,0.0122,18537,1,59,0,0
Nexon,XM,2022-09,2022,9,780721,790000,0.0,16643,0,60,0,1
Nexon,XM,2022-10,2022,10,780721,790000,0.0,22727,1,61,0,0
Nexon,XM,2022-11,2022,11,780721,790000,0.0,20004,1,62,0,0
Nexon,XM,2022-12,2022,12,780721,790000,0.0,0,0,63,0,0
Nexon,XM,2023-01,2023,1,780721,790000,0.0,0,0,64,0,0
Nexon,XM,2023-02,2023,2,788997,790000,0.0106,18446,0,65,0,0
Nexon,XM,2023-03,2023,3,788997,790000,0.0,6640,1,66,0,0
Nexon,XM,2023-04,2023,4,788997,790000,0.0,17744,0,67,0,0
Nexon,XM,2023-05,2023,5,788997,790000,0.0,18248,1,68,0,0
Nexon,XM,2023-06,2023,6,788997,790000,0.0,0,0,69,0,0
Nexon,XM,2023-07,2023,7,788997,790000,0.0,12837,0,70,0,0
Nexon,XM,2023-08,2023,8,788997,790000,0.0,16080,1,71,0,0
Nexon,XM,2023-09,2023,9,788997,790000,0.0,0,0,72,1,0
Nexon,XM,2023-10,2023,10,788997,790000,0.0,19536,1,73,0,0
Nexon,XM,2023-11,2023,11,788997,790000,0.0,17907,1,74,0,0
Nexon,XM,2023-12,2023,12,788997,790000,0.0,3773,1,75,0,0
Nexon,XZ,2020-01,2020,1,840000,840000,0.0,0,0,28,0,0
Nexon,XZ,2020-02,2020,2,840000,840000,0.0,0,0,29,0,0
Nexon,XZ,2020-03,2020,3,840000,840000,0.0,20512,1,30,0,0
Nexon,XZ,2020-04,2020,4,840000,840000,0.0,0,0,31,0,1
Nexon,XZ,2020-05,2020,5,840000,840000,0.0,20130,0,32,0,0
Nexon,XZ,2020-06,2020,6,840000,840000,0.0,0,0,33,0,0
Nexon,XZ,2020-07,2020,7,840000,840000,0.0,0,0,34,0,0
Nexon,XZ,2020-08,2020,8,840000,840000,0.0,22887,1,35,0,1
Nexon,XZ,2020-09,2020,9,840000,840000,0.0,0,0,36,1,0
Nexon,XZ,2020-10,2020,10,840000,840000,0.0,19916,1,37,0,0
Nexon,XZ,2020-11,2020,11,840000,840000,0.0,5884,1,38,0,0
Nexon,XZ,2020-12,2020,12,840000,840000,0.0,0,0,39,0,0
Nexon,XZ,2021-01,2021,1,840000,840000,0.0,0,0,40,0,0
Nexon,XZ,2021-02,2021,2,856464,840000,0.0196,0,0,41,0,0
Nexon,XZ,2021-03,2021,3,856464,840000,0.0,5979,1,42,0,0
Nexon,XZ,2021-04,2021,4,856464,840000,0.0,0,0,43,0,1
Nexon,XZ,2021-05,2021,5,867427,840000,0.0128,0,0,44,0,0
Nexon,XZ,2021-06,2021,6,867427,840000,0.0,0,0,45,0,1
Nexon,XZ,2021-07,2021,7,867427,840000,0.0,0,0,46,0,0
Nexon,XZ,2021-08,2021,8,867427,840000,0.0,9485,1,47,0,0
Nexon,XZ,2021-09,2021,9,867427,840000,0.0,8123,0,48,0,0
Nexon,XZ,2021-10,2021,10,867427,840000,0.0,22714,1,49,0,0
Nexon,XZ,2021-11,2021,11,867427,840000,0.0,7075,1,50,0,1
Nexon,XZ,2021-12,2021,12,867427,840000,0.0,0,0,51,0,0
Nexon,XZ,2022-01,2022,1,867427,840000,0.0,0,0,52,0,0
Nexon,XZ,2022-02,2022,2,867427,840000,0.0,0,0,53,0,1
Nexon,XZ,2022-03,2022,3,867427,840000,0.0,8395,1,54,1,0
Nexon,XZ,2022-04,2022,4,867427,840000,0.0,0,0,55,0,0
Nexon,XZ,2022-05,2022,5,862049,840000,-0.0062,0,0,56,0,0
Nexon,XZ,2022-06,2022,6,862049,840000,0.0,0,0,57,0,0
Nexon,XZ,2022-07,2022,7,862049,840000,0.0,0,0,58,0,0
Nexon,XZ,2022-08,2022,8,862049,840000,0.0,23499,1,59,0,0
Nexon,XZ,2022-09,2022,9,862049,840000,0.0,0,0,60,0,0
Nexon,XZ,2022-10,2022,10,862049,840000,0.0,10532,1,61,0,0
Nexon,XZ,2022-11,2022,11,862049,840000,0.0,22318,1,62,0,0
Nexon,XZ,2022-12,2022,12,862049,840000,0.0,0,0,63,0,0
Nexon,XZ,2023-01,2023,1,862049,840000,0.0,0,0,64,0,0
Nexon,XZ,2023-02,2023,2,862049,840000,0.0,0,0,65,0,0
Nexon,XZ,2023-03,2023,3,853860,840000,-0.0095,4365,1,66,0,1
Nexon,XZ,2023-04,2023,4,853860,840000,0.0,0,0,67,0,1
Nexon,XZ,2023-05,2023,5,853860,840000,0.0,0,0,68,0,0
Nexon,XZ,2023-06,2023,6,853860,840000,0.0,0,0,69,0,0
Nexon,XZ,2023-07,2023,7,853860,840000,0.0,21199,0,70,0,0
Nexon,XZ,2023-08,2023,8,853860,840000,0.0,5017,1,71,0,0
Nexon,XZ,2023-09,2023,9,853860,840000,0.0,0,0,72,1,0
Nexon,XZ,2023-10,2023,10,853860,840000,0.0,22165,1,73,0,0
Nexon,XZ,2023-11,2023,11,853860,840000,0.0,9053,1,74,0,0
Nexon,XZ,2023-12,2023,12,853860,840000,0.0,0,0,75,0,0
Nexon,XZ+,2020-01,2020,1,890000,890000,0.0,0,0,28,0,1
Nexon,XZ+,2020-02,2020,2,881990,890000,-0.009,0,0,29,0,0
Nexon,XZ+,2020-03,2020,3,881990,890000,0.0,10218,1,30,0,0
Nexon,XZ+,2020-04,2020,4,881990,890000,0.0,0,0,31,0,0
Nexon,XZ+,2020-05,2020,5,881990,890000,0.0,0,0,32,0,1
Nexon,XZ+,2020-06,2020,6,881990,890000,0.0,0,0,33,0,0
Nexon,XZ+,2020-07,2020,7,881990,890000,0.0,0,0,34,0,0
Nexon,XZ+,2020-08,2020,8,881990,890000,0.0,10088,1,35,0,0
Nexon,XZ+,2020-09,2020,9,896719,890000,0.0167,0,0,36,1,0
Nexon,XZ+,2020-10,2020,10,896719,890000,0.0,5537,1,37,0,0
Nexon,XZ+,2020-11,2020,11,896719,890000,0.0,11581,1,38,0,0
Nexon,XZ+,2020-12,2020,12,896719,890000,0.0,23645,0,39,0,0
Nexon,XZ+,2021-01,2021,1,896719,890000,0.0,6035,0,40,0,0
Nexon,XZ+,2021-02,2021,2,896719,890000,0.0,0,0,41,0,0
Nexon,XZ+,2021-03,2021,3,896719,890000,0.0,3522,1,42,0,0
Nexon,XZ+,2021-04,2021,4,896719,890000,0.0,0,0,43,0,0
Nexon,XZ+,2021-05,2021,5,896719,890000,0.0,0,0,44,0,0
Nexon,XZ+,2021-06,2021,6,896719,890000,0.0,0,0,45,0,0
Nexon,XZ+,2021-07,2021,7,896719,890000,0.0,24987,0,46,0,0
Nexon,XZ+,2021-08,2021,8,896719,890000,0.0,9773,1,47,0,0
Nexon,XZ+,2021-09,2021,9,905686,890000,0.01,0,0,48,0,0
Nexon,XZ+,2021-10,2021,10,905686,890000,0.0,14744,1,49,0,0
Nexon,XZ+,2021-11,2021,11,905686,890000,0.0,8905,1,50,0,0
Nexon,XZ+,2021-12,2021,12,905686,890000,0.0,0,0,51,0,0
Nexon,XZ+,2022-01,2022,1,905686,890000,0.0,0,0,52,0,0
Nexon,XZ+,2022-02,2022,2,905686,890000,0.0,21108,0,53,0,0
Nexon,XZ+,2022-03,2022,3,905686,890000,0.0,3966,1,54,1,0
Nexon,XZ+,2022-04,2022,4,905686,890000,0.0,0,0,55,0,0
Nexon,XZ+,2022-05,2022,5,905686,890000,0.0,0,0,56,0,0
Nexon,XZ+,2022-06,2022,6,905686,890000,0.0,0,0,57,0,0
Nexon,XZ+,2022-07,2022,7,905686,890000,0.0,21108,1,58,0,0
Nexon,XZ+,2022-08,2022,8,905686,890000,0.0,16621,1,59,0,0
Nexon,XZ+,2022-09,2022,9,905686,890000,0.0,0,0,60,0,0
Nexon,XZ+,2022-10,2022,10,905686,890000,0.0,8724,1,61,0,0
Nexon,XZ+,2022-11,2022,11,905686,890000,0.0,10971,1,62,0,1
Nexon,XZ+,2022-12,2022,12,905686,890000,0.0,0,0,63,0,0
Nexon,XZ+,2023-01,2023,1,905686,890000,0.0,3023,1,64,0,0
Nexon,XZ+,2023-02,2023,2,905686,890000,0.0,0,0,65,0,0
Nexon,XZ+,2023-03,2023,3,905686,890000,0.0,14471,1,66,0,1
Nexon,XZ+,2023-04,2023,4,905686,890000,0.0,6875,0,67,0,0
Nexon,XZ+,2023-05,2023,5,905686,890000,0.0,0,0,68,0,0
Nexon,XZ+,2023-06,2023,6,905686,890000,0.0,13116,1,69,0,0
Nexon,XZ+,2023-07,2023,7,905686,890000,0.0,0,0,70,0,0
Nexon,XZ+,2023-08,2023,8,921988,890000,0.018,16630,1,71,0,0
Nexon,XZ+,2023-09,2023,9,921988,890000,0.0,0,0,72,1,1
Nexon,XZ+,2023-10,2023,10,921988,890000,0.0,9375,1,73,0,0
Nexon,XZ+,2023-11,2023,11,921988,890000,0.0,24359,1,74,0,0
Nexon,XZ+,2023-12,2023,12,921988,890000,0.0,20567,1,75,0,0
Nexon,Dark,2020-01,2020,1,940000,940000,0.0,0,0,28,0,0
Nexon,Dark,2020-02,2020,2,940000,940000,0.0,0,0,29,0,0
Nexon,Dark,2020-03,2020,3,940000,940000,0.0,22055,1,30,0,0
Nexon,Dark,2020-04,2020,4,940000,940000,0.0,9725,0,31,0,0
Nexon,Dark,2020-05,2020,5,940000,940000,0.0,0,0,32,0,0
Nexon,Dark,2020-06,2020,6,940000,940000,0.0,0,0,33,0,0
Nexon,Dark,2020-07,2020,7,940000,940000,0.0,0,0,34,0,0
Nexon,Dark,2020-08,2020,8,962184,940000,0.0236,6653,1,35,0,1
Nexon,Dark,2020-09,2020,9,986142,940000,0.0249,0,0,36,1,0
Nexon,Dark,2020-10,2020,10,1011486,940000,0.0257,23598,1,37,0,0
Nexon,Dark,2020-11,2020,11,1011486,940000,0.0,10275,1,38,0,0
Nexon,Dark,2020-12,2020,12,1011486,940000,0.0,0,0,39,0,0
Nexon,Dark,2021-01,2021,1,1011486,940000,0.0,0,0,40,0,0
Nexon,Dark,2021-02,2021,2,1011486,940000,0.0,0,0,41,0,0
Nexon,Dark,2021-03,2021,3,1011486,940000,0.0,23021,1,42,0,0
Nexon,Dark,2021-04,2021,4,1011486,940000,0.0,0,0,43,0,1
Nexon,Dark,2021-05,2021,5,1011486,940000,0.0,12349,1,44,0,0
Nexon,Dark,2021-06,2021,6,1011486,940000,0.0,0,0,45,0,1
Nexon,Dark,2021-07,2021,7,1001776,940000,-0.0096,0,0,46,0,0
Nexon,Dark,2021-08,2021,8,1001776,940000,0.0,7086,1,47,0,0
Nexon,Dark,2021-09,2021,9,1001776,940000,0.0,5129,0,48,0,0
Nexon,Dark,2021-10,2021,10,1001776,940000,0.0,10915,1,49,0,0
Nexon,Dark,2021-11,2021,11,1022513,940000,0.0207,12438,1,50,0,0
Nexon,Dark,2021-12,2021,12,1010141,940000,-0.0121,0,0,51,0,0
Nexon,Dark,2022-01,2022,1,1010141,940000,0.0,9218,1,52,0,0
Nexon,Dark,2022-02,2022,2,1010141,940000,0.0,0,0,53,0,0
Nexon,Dark,2022-03,2022,3,1010141,940000,0.0,4316,1,54,1,0
Nexon,Dark,2022-04,2022,4,1010141,940000,0.0,0,0,55,0,0
Nexon,Dark,2022-05,2022,5,1010141,940000,0.0,0,0,56,0,0
Nexon,Dark,2022-06,2022,6,1010141,940000,0.0,0,0,57,0,0
Nexon,Dark,2022-07,2022,7,1010141,940000,0.0,0,0,58,0,0
Nexon,Dark,2022-08,2022,8,1010141,940000,0.0,7287,1,59,0,0
Nexon,Dark,2022-09,2022,9,1036001,940000,0.0256,0,0,60,0,0
Nexon,Dark,2022-10,2022,10,1049676,940000,0.0132,11613,1,61,0,0
Nexon,Dark,2022-11,2022,11,1049676,940000,0.0,11437,1,62,0,0
Nexon,Dark,2022-12,2022,12,1049676,940000,0.0,14346,1,63,0,0
Nexon,Dark,2023-01,2023,1,1064266,940000,0.0139,0,0,64,0,0
Nexon,Dark,2023-02,2023,2,1064266,940000,0.0,0,0,65,0,0
Nexon,Dark,2023-03,2023,3,1064266,940000,0.0,5468,1,66,0,0
Nexon,Dark,2023-04,2023,4,1064266,940000,0.0,0,0,67,0,0
Nexon,Dark,2023-05,2023,5,1064266,940000,0.0,0,0,68,0,0
Nexon,Dark,2023-06,2023,6,1064266,940000,0.0,0,0,69,0,0
Nexon,Dark,2023-07,2023,7,1064266,940000,0.0,0,0,70,0,0
Nexon,Dark,2023-08,2023,8,1064266,940000,0.0,4992,1,71,0,0
Nexon,Dark,2023-09,2023,9,1064266,940000,0.0,0,0,72,1,0
Nexon,Dark,2023-10,2023,10,1095768,940000,0.0296,3381,1,73,0,0
Nexon,Dark,2023-11,2023,11,1095768,940000,0.0,13318,1,74,0,0
Nexon,Dark,2023-12,2023,12,1095768,940000,0.0,0,0,75,0,0
Altroz,XE,2020-01,2020,1,600000,600000,0.0,0,0,0,0,0
Altroz,XE,2020-02,2020,2,600000,600000,0.0,0,0,1,0,0
Altroz,XE,2020-03,2020,3,600000,600000,0.0,16155,1,2,0,0
Altroz,XE,2020-04,2020,4,600000,600000,0.0,0,0,3,0,1
Altroz,XE,2020-05,2020,5,600000,600000,0.0,0,0,4,0,0
Altroz,XE,2020-06,2020,6,600000,600000,0.0,0,0,5,0,0
Altroz,XE,2020-07,2020,7,600000,600000,0.0,0,0,6,0,0
Altroz,XE,2020-08,2020,8,600000,600000,0.0,19394,1,7,0,0
Altroz,XE,2020-09,2020,9,611760,600000,0.0196,0,0,8,0,0
Altroz,XE,2020-10,2020,10,611760,600000,0.0,9090,1,9,0,0
Altroz,XE,2020-11,2020,11,611760,600000,0.0,8296,1,10,0,0
Altroz,XE,2020-12,2020,12,611760,600000,0.0,0,0,11,0,0
Altroz,XE,2021-01,2021,1,611760,600000,0.0,0,0,12,0,0
Altroz,XE,2021-02,2021,2,611760,600000,0.0,0,0,13,0,0
Altroz,XE,2021-03,2021,3,611760,600000,0.0,21312,1,14,0,0
Altroz,XE,2021-04,2021,4,611760,600000,0.0,22989,1,15,0,1
Altroz,XE,2021-05,2021,5,611760,600000,0.0,0,0,16,0,1
Altroz,XE,2021-06,2021,6,611760,600000,0.0,0,0,17,0,0
Altroz,XE,2021-07,2021,7,611760,600000,0.0,0,0,18,1,0
Altroz,XE,2021-08,2021,8,611760,600000,0.0,12500,1,19,0,0
Altroz,XE,2021-09,2021,9,611760,600000,0.0,10582,0,20,0,1
Altroz,XE,2021-10,2021,10,611760,600000,0.0,3069,1,21,0,0
Altroz,XE,2021-11,2021,11,611760,600000,0.0,17989,1,22,0,0
Altroz,XE,2021-12,2021,12,611760,600000,0.0,0,0,23,0,0
Altroz,XE,2022-01,2022,1,611760,600000,0.0,0,0,24,0,1
Altroz,XE,2022-02,2022,2,611760,600000,0.0,0,0,25,0,0
Altroz,XE,2022-03,2022,3,605214,600000,-0.0107,10996,1,26,0,0
Altroz,XE,2022-04,2022,4,605214,600000,0.0,24869,0,27,0,0
Altroz,XE,2022-05,2022,5,605214,600000,0.0,0,0,28,0,0
Altroz,XE,2022-06,2022,6,605214,600000,0.0,0,0,29,0,0
Altroz,XE,2022-07,2022,7,605214,600000,0.0,0,0,30,0,0
Altroz,XE,2022-08,2022,8,605214,600000,0.0,12109,1,31,0,0
Altroz,XE,2022-09,2022,9,605214,600000,0.0,0,0,32,0,1
Altroz,XE,2022-10,2022,10,605214,600000,0.0,13301,1,33,0,0
Altroz,XE,2022-11,2022,11,605214,600000,0.0,3519,1,34,0,0
Altroz,XE,2022-12,2022,12,605214,600000,0.0,23763,0,35,0,0
Altroz,XE,2023-01,2023,1,605214,600000,0.0,0,0,36,1,0
Altroz,XE,2023-02,2023,2,605214,600000,0.0,21881,1,37,0,0
Altroz,XE,2023-03,2023,3,605214,600000,0.0,22083,1,38,0,0
Altroz,XE,2023-04,2023,4,605214,600000,0.0,0,0,39,0,1
Altroz,XE,2023-05,2023,5,605214,600000,0.0,0,0,40,0,0
Altroz,XE,2023-06,2023,6,605214,600000,0.0,0,0,41,0,0
Altroz,XE,2023-07,2023,7,605214,600000,0.0,0,0,42,0,0
Altroz,XE,2023-08,2023,8,605214,600000,0.0,20528,1,43,0,0
Altroz,XE,2023-09,2023,9,605214,600000,0.0,0,0,44,0,0
Altroz,XE,2023-10,2023,10,605214,600000,0.0,7147,1,45,0,0
Altroz,XE,2023-11,2023,11,605214,600000,0.0,16542,1,46,0,0
Altroz,XE,2023-12,2023,12,605214,600000,0.0,0,0,47,0,0
Altroz,XM,2020-01,2020,1,640000,640000,0.0,0,0,0,0,0
Altroz,XM,2020-02,2020,2,649216,640000,0.0144,0,0,1,0,0
Altroz,XM,2020-03,2020,3,660253,640000,0.017,22261,1,2,0,0
Altroz,XM,2020-04,2020,4,672072,640000,0.0179,10916,0,3,0,1
Altroz,XM,2020-05,2020,5,672072,640000,0.0,0,0,4,0,0
Altroz,XM,2020-06,2020,6,672072,640000,0.0,19493,0,5,0,0
Altroz,XM,2020-07,2020,7,672072,640000,0.0,0,0,6,0,0
Altroz,XM,2020-08,2020,8,672072,640000,0.0,9829,1,7,0,0
Altroz,XM,2020-09,2020,9,672072,640000,0.0,7433,0,8,0,0
Altroz,XM,2020-10,2020,10,672072,640000,0.0,21172,1,9,0,1
Altroz,XM,2020-11,2020,11,672072,640000,0.0,10307,1,10,0,0
Altroz,XM,2020-12,2020,12,692100,640000,0.0298,3662,1,11,0,0
Altroz,XM,2021-01,2021,1,692100,640000,0.0,0,0,12,0,0
Altroz,XM,2021-02,2021,2,692100,640000,0.0,0,0,13,0,0
Altroz,XM,2021-03,2021,3,692100,640000,0.0,5915,1,14,0,0
Altroz,XM,2021-04,2021,4,692100,640000,0.0,0,0,15,0,0
Altroz,XM,2021-05,2021,5,692100,640000,0.0,0,0,16,0,0
Altroz,XM,2021-06,2021,6,692100,640000,0.0,0,0,17,0,0
Altroz,XM,2021-07,2021,7,692100,640000,0.0,0,0,18,1,0
Altroz,XM,2021-08,2021,8,692100,640000,0.0,15310,1,19,0,0
Altroz,XM,2021-09,2021,9,692100,640000,0.0,18016,1,20,0,0
Altroz,XM,2021-10,2021,10,692100,640000,0.0,19961,1,21,0,0
Altroz,XM,2021-11,2021,11,692100,640000,0.0,8215,1,22,0,0
Altroz,XM,2021-12,2021,12,692100,640000,0.0,0,0,23,0,0
Altroz,XM,2022-01,2022,1,692100,640000,0.0,12017,1,24,0,0
Altroz,XM,2022-02,2022,2,692100,640000,0.0,0,0,25,0,0
Altroz,XM,2022-03,2022,3,692100,640000,0.0,14345,1,26,0,1
Altroz,XM,2022-04,2022,4,704973,640000,0.0186,0,0,27,0,1
Altroz,XM,2022-05,2022,5,704973,640000,0.0,0,0,28,0,0
Altroz,XM,2022-06,2022,6,704973,640000,0.0,0,0,29,0,0
Altroz,XM,2022-07,2022,7,704973,640000,0.0,0,0,30,0,0
Altroz,XM,2022-08,2022,8,704973,640000,0.0,10695,1,31,0,0
Altroz,XM,2022-09,2022,9,704973,640000,0.0,0,0,32,0,0
Altroz,XM,2022-10,2022,10,704973,640000,0.0,8509,1,33,0,0
Altroz,XM,2022-11,2022,11,704973,640000,0.0,7946,1,34,0,0
Altroz,XM,2022-12,2022,12,704973,640000,0.0,0,0,35,0,0
Altroz,XM,2023-01,2023,1,704973,640000,0.0,0,0,36,1,0
Altroz,XM,2023-02,2023,2,704973,640000,0.0,0,0,37,0,0
Altroz,XM,2023-03,2023,3,704973,640000,0.0,9670,1,38,0,0
Altroz,XM,2023-04,2023,4,704973,640000,0.0,24474,0,39,0,0
Altroz,XM,2023-05,2023,5,704973,640000,0.0,9959,1,40,0,1
Altroz,XM,2023-06,2023,6,695456,640000,-0.0135,0,0,41,0,0
Altroz,XM,2023-07,2023,7,695456,640000,0.0,0,0,42,0,0
Altroz,XM,2023-08,2023,8,695456,640000,0.0,10417,1,43,0,0
Altroz,XM,2023-09,2023,9,695456,640000,0.0,0,0,44,0,0
Altroz,XM,2023-10,2023,10,695456,640000,0.0,15088,1,45,0,0
Altroz,XM,2023-11,2023,11,695456,640000,0.0,19143,1,46,0,0
Altroz,XM,2023-12,2023,12,688919,640000,-0.0094,0,0,47,0,0
Altroz,XZ,2020-01,2020,1,690000,690000,0.0,4011,1,0,0,0
Altroz,XZ,2020-02,2020,2,690000,690000,0.0,22024,1,1,0,1
Altroz,XZ,2020-03,2020,3,690000,690000,0.0,7918,1,2,0,0
Altroz,XZ,2020-04,2020,4,690000,690000,0.0,9679,0,3,0,0
Altroz,XZ,2020-05,2020,5,707457,690000,0.0253,0,0,4,0,0
Altroz,XZ,2020-06,2020,6,707457,690000,0.0,0,0,5,0,0
Altroz,XZ,2020-07,2020,7,707457,690000,0.0,0,0,6,0,0
Altroz,XZ,2020-08,2020,8,707457,690000,0.0,23349,1,7,0,0
Altroz,XZ,2020-09,2020,9,707457,690000,0.0,0,0,8,0,0
Altroz,XZ,2020-10,2020,10,707457,690000,0.0,19020,1,9,0,1
Altroz,XZ,2020-11,2020,11,707457,690000,0.0,13206,1,10,0,0
Altroz,XZ,2020-12,2020,12,707457,690000,0.0,0,0,11,0,0
Altroz,XZ,2021-01,2021,1,707457,690000,0.0,0,0,12,0,0
Altroz,XZ,2021-02,2021,2,707457,690000,0.0,12133,1,13,0,0
Altroz,XZ,2021-03,2021,3,707457,690000,0.0,13456,1,14,0,0
Altroz,XZ,2021-04,2021,4,707457,690000,0.0,0,0,15,0,0
Altroz,XZ,2021-05,2021,5,707457,690000,0.0,8956,0,16,0,0
Altroz,XZ,2021-06,2021,6,718564,690000,0.0157,0,0,17,0,0
Altroz,XZ,2021-07,2021,7,718564,690000,0.0,6359,1,18,1,0
Altroz,XZ,2021-08,2021,8,718564,690000,0.0,19713,1,19,0,0
Altroz,XZ,2021-09,2021,9,718564,690000,0.0,0,0,20,0,0
Altroz,XZ,2021-10,2021,10,718564,690000,0.0,5390,1,21,0,0
Altroz,XZ,2021-11,2021,11,718564,690000,0.0,21794,1,22,0,0
Altroz,XZ,2021-12,2021,12,718564,690000,0.0,12268,1,23,0,1
Altroz,XZ,2022-01,2022,1,718564,690000,0.0,0,0,24,0,0
Altroz,XZ,2022-02,2022,2,711809,690000,-0.0094,20461,0,25,0,0
Altroz,XZ,2022-03,2022,3,725405,690000,0.0191,10398,1,26,0,0
Altroz,XZ,2022-04,2022,4,725405,690000,0.0,0,0,27,0,0
Altroz,XZ,2022-05,2022,5,746369,690000,0.0289,0,0,28,0,0
Altroz,XZ,2022-06,2022,6,746369,690000,0.0,0,0,29,0,0
Altroz,XZ,2022-07,2022,7,746369,690000,0.0,0,0,30,0,0
Altroz,XZ,2022-08,2022,8,746369,690000,0.0,23061,1,31,0,0
Altroz,XZ,2022-09,2022,9,739726,690000,-0.0089,0,0,32,0,0
Altroz,XZ,2022-10,2022,10,739726,690000,0.0,24483,1,33,0,0
Altroz,XZ,2022-11,2022,11,739726,690000,0.0,13125,1,34,0,0
Altroz,XZ,2022-12,2022,12,739726,690000,0.0,0,0,35,0,0
Altroz,XZ,2023-01,2023,1,754447,690000,0.0199,0,0,36,1,0
Altroz,XZ,2023-02,2023,2,754447,690000,0.0,0,0,37,0,0
Altroz,XZ,2023-03,2023,3,754447,690000,0.0,13263,1,38,0,0
Altroz,XZ,2023-04,2023,4,754447,690000,0.0,0,0,39,0,0
Altroz,XZ,2023-05,2023,5,776024,690000,0.0286,23785,0,40,0,0
Altroz,XZ,2023-06,2023,6,769971,690000,-0.0078,0,0,41,0,0
Altroz,XZ,2023-07,2023,7,769971,690000,0.0,5381,1,42,0,0
Altroz,XZ,2023-08,2023,8,769971,690000,0.0,16188,1,43,0,0
Altroz,XZ,2023-09,2023,9,769971,690000,0.0,0,0,44,0,0
Altroz,XZ,2023-10,2023,10,769971,690000,0.0,24797,1,45,0,0
Altroz,XZ,2023-11,2023,11,769971,690000,0.0,19815,1,46,0,0
Altroz,XZ,2023-12,2023,12,769971,690000,0.0,9786,0,47,0,0
Altroz,XZ+,2020-01,2020,1,758796,740000,0.0254,0,0,0,0,0
Altroz,XZ+,2020-02,2020,2,758796,740000,0.0,17503,0,1,0,0
Altroz,XZ+,2020-03,2020,3,758796,740000,0.0,12860,1,2,0,0
Altroz,XZ+,2020-04,2020,4,758796,740000,0.0,0,0,3,0,0
Altroz,XZ+,2020-05,2020,5,758796,740000,0.0,0,0,4,0,1
Altroz,XZ+,2020-06,2020,6,758796,740000,0.0,0,0,5,0,0
Altroz,XZ+,2020-07,2020,7,758796,740000,0.0,23384,0,6,0,0
Altroz,XZ+,2020-08,2020,8,758796,740000,0.0,14582,1,7,0,0
Altroz,XZ+,2020-09,2020,9,758796,740000,0.0,0,0,8,0,0
Altroz,XZ+,2020-10,2020,10,758796,740000,0.0,3269,1,9,0,0
Altroz,XZ+,2020-11,2020,11,758796,740000,0.0,4485,1,10,0,0
Altroz,XZ+,2020-12,2020,12,758796,740000,0.0,0,0,11,0,0
Altroz,XZ+,2021-01,2021,1,758796,740000,0.0,18873,0,12,0,0
Altroz,XZ+,2021-02,2021,2,758796,740000,0.0,24994,0,13,0,0
Altroz,XZ+,2021-03,2021,3,758796,740000,0.0,10575,1,14,0,0
Altroz,XZ+,2021-04,2021,4,758796,740000,0.0,0,0,15,0,0
Altroz,XZ+,2021-05,2021,5,758796,740000,0.0,9923,1,16,0,0
Altroz,XZ+,2021-06,2021,6,758796,740000,0.0,20580,1,17,0,0
Altroz,XZ+,2021-07,2021,7,758796,740000,0.0,0,0,18,1,0
Altroz,XZ+,2021-08,2021,8,758796,740000,0.0,23896,1,19,0,0
Altroz,XZ+,2021-09,2021,9,758796,740000,0.0,0,0,20,0,0
Altroz,XZ+,2021-10,2021,10,758796,740000,0.0,18241,1,21,0,0
Altroz,XZ+,2021-11,2021,11,758796,740000,0.0,14745,1,22,0,0
Altroz,XZ+,2021-12,2021,12,758796,740000,0.0,18641,0,23,0,0
Altroz,XZ+,2022-01,2022,1,758796,740000,0.0,12440,1,24,0,1
Altroz,XZ+,2022-02,2022,2,758796,740000,0.0,0,0,25,0,0
Altroz,XZ+,2022-03,2022,3,758796,740000,0.0,12818,1,26,0,0
Altroz,XZ+,2022-04,2022,4,750753,740000,-0.0106,0,0,27,0,0
Altroz,XZ+,2022-05,2022,5,750753,740000,0.0,0,0,28,0,0
Altroz,XZ+,2022-06,2022,6,750753,740000,0.0,0,0,29,0,0
Altroz,XZ+,2022-07,2022,7,750753,740000,0.0,0,0,30,0,0
Altroz,XZ+,2022-08,2022,8,769222,740000,0.0246,19600,1,31,0,0
Altroz,XZ+,2022-09,2022,9,788145,740000,0.0246,0,0,32,0,0
Altroz,XZ+,2022-10,2022,10,788145,740000,0.0,5032,1,33,0,0
Altroz,XZ+,2022-11,2022,11,788145,740000,0.0,10142,1,34,0,0
Altroz,XZ+,2022-12,2022,12,788145,740000,0.0,0,0,35,0,0
Altroz,XZ+,2023-01,2023,1,788145,740000,0.0,0,0,36,1,0
Altroz,XZ+,2023-02,2023,2,797051,740000,0.0113,9445,0,37,0,0
Altroz,XZ+,2023-03,2023,3,797051,740000,0.0,8780,1,38,0,0
Altroz,XZ+,2023-04,2023,4,797051,740000,0.0,0,0,39,0,0
Altroz,XZ+,2023-05,2023,5,797051,740000,0.0,0,0,40,0,0
Altroz,XZ+,2023-06,2023,6,807731,740000,0.0134,14373,1,41,0,0
Altroz,XZ+,2023-07,2023,7,807731,740000,0.0,0,0,42,0,0
Altroz,XZ+,2023-08,2023,8,816697,740000,0.0111,19013,1,43,0,0
Altroz,XZ+,2023-09,2023,9,816697,740000,0.0,0,0,44,0,1
Altroz,XZ+,2023-10,2023,10,816697,740000,0.0,11822,1,45,0,0
Altroz,XZ+,2023-11,2023,11,832704,740000,0.0196,6302,1,46,0,0
Altroz,XZ+,2023-12,2023,12,832704,740000,0.0,0,0,47,0,0
Harrier,XE,2020-01,2020,1,1450000,1450000,0.0,0,0,12,0,0
Harrier,XE,2020-02,2020,2,1450000,1450000,0.0,0,0,13,0,0
Harrier,XE,2020-03,2020,3,1450000,1450000,0.0,5152,1,14,0,0
Harrier,XE,2020-04,2020,4,1465805,1450000,0.0109,0,0,15,0,0
Harrier,XE,2020-05,2020,5,1465805,1450000,0.0,0,0,16,0,0
Harrier,XE,2020-06,2020,6,1497906,1450000,0.0219,0,0,17,0,0
Harrier,XE,2020-07,2020,7,1497906,1450000,0.0,0,0,18,1,0
Harrier,XE,2020-08,2020,8,1497906,1450000,0.0,8225,1,19,0,0
Harrier,XE,2020-09,2020,9,1497906,1450000,0.0,0,0,20,0,0
Harrier,XE,2020-10,2020,10,1497906,1450000,0.0,7332,1,21,0,0
Harrier,XE,2020-11,2020,11,1497906,1450000,0.0,14823,1,22,0,0
Harrier,XE,2020-12,2020,12,1540746,1450000,0.0286,0,0,23,0,0
Harrier,XE,2021-01,2021,1,1540746,1450000,0.0,4222,0,24,0,0
Harrier,XE,2021-02,2021,2,1540746,1450000,0.0,0,0,25,0,0
Harrier,XE,2021-03,2021,3,1540746,1450000,0.0,18220,1,26,0,0
Harrier,XE,2021-04,2021,4,1540746,1450000,0.0,0,0,27,0,0
Harrier,XE,2021-05,2021,5,1540746,1450000,0.0,0,0,28,0,0
Harrier,XE,2021-06,2021,6,1540746,1450000,0.0,0,0,29,0,0
Harrier,XE,2021-07,2021,7,1540746,1450000,0.0,0,0,30,0,0
Harrier,XE,2021-08,2021,8,1540746,1450000,0.0,21573,1,31,0,1
Harrier,XE,2021-09,2021,9,1540746,1450000,0.0,0,0,32,0,0
Harrier,XE,2021-10,2021,10,1540746,1450000,0.0,14602,1,33,0,0
Harrier,XE,2021-11,2021,11,1540746,1450000,0.0,21420,1,34,0,0
Harrier,XE,2021-12,2021,12,1540746,1450000,0.0,22010,1,35,0,0
Harrier,XE,2022-01,2022,1,1540746,1450000,0.0,0,0,36,1,0
Harrier,XE,2022-02,2022,2,1540746,1450000,0.0,0,0,37,0,0
Harrier,XE,2022-03,2022,3,1540746,1450000,0.0,23316,1,38,0,0
Harrier,XE,2022-04,2022,4,1540746,1450000,0.0,0,0,39,0,0
Harrier,XE,2022-05,2022,5,1540746,1450000,0.0,0,0,40,0,0
Harrier,XE,2022-06,2022,6,1540746,1450000,0.0,0,0,41,0,0
Harrier,XE,2022-07,2022,7,1540746,1450000,0.0,0,0,42,0,0
Harrier,XE,2022-08,2022,8,1540746,1450000,0.0,16390,1,43,0,0
Harrier,XE,2022-09,2022,9,1540746,1450000,0.0,0,0,44,0,1
Harrier,XE,2022-10,2022,10,1540746,1450000,0.0,11764,1,45,0,0
Harrier,XE,2022-11,2022,11,1540746,1450000,0.0,15392,1,46,0,0
Harrier,XE,2022-12,2022,12,1540746,1450000,0.0,0,0,47,0,0
Harrier,XE,2023-01,2023,1,1540746,1450000,0.0,3776,1,48,0,0
Harrier,XE,2023-02,2023,2,1540746,1450000,0.0,24078,1,49,0,0
Harrier,XE,2023-03,2023,3,1540746,1450000,0.0,14430,1,50,0,1
Harrier,XE,2023-04,2023,4,1540746,1450000,0.0,0,0,51,0,0
Harrier,XE,2023-05,2023,5,1540746,1450000,0.0,0,0,52,0,0
Harrier,XE,2023-06,2023,6,1540746,1450000,0.0,10473,1,53,0,0
Harrier,XE,2023-07,2023,7,1523490,1450000,-0.0112,0,0,54,1,1
Harrier,XE,2023-08,2023,8,1523490,1450000,0.0,13483,1,55,0,0
Harrier,XE,2023-09,2023,9,1523490,1450000,0.0,3907,1,56,0,0
Harrier,XE,2023-10,2023,10,1523490,1450000,0.0,11143,1,57,0,0
Harrier,XE,2023-11,2023,11,1523490,1450000,0.0,14994,1,58,0,0
Harrier,XE,2023-12,2023,12,1503075,1450000,-0.0134,18886,1,59,0,0
Harrier,XM,2020-01,2020,1,1490000,1490000,0.0,0,0,12,0,0
Harrier,XM,2020-02,2020,2,1490000,1490000,0.0,7281,0,13,0,0
Harrier,XM,2020-03,2020,3,1490000,1490000,0.0,11145,1,14,0,0
Harrier,XM,2020-04,2020,4,1490000,1490000,0.0,0,0,15,0,0
Harrier,XM,2020-05,2020,5,1509221,1490000,0.0129,0,0,16,0,0
Harrier,XM,2020-06,2020,6,1509221,1490000,0.0,0,0,17,0,0
Harrier,XM,2020-07,2020,7,1509221,1490000,0.0,0,0,18,1,0
Harrier,XM,2020-08,2020,8,1509221,1490000,0.0,11950,1,19,0,0
Harrier,XM,2020-09,2020,9,1509221,1490000,0.0,0,0,20,0,0
Harrier,XM,2020-10,2020,10,1509221,1490000,0.0,17726,1,21,0,0
Harrier,XM,2020-11,2020,11,1509221,1490000,0.0,8308,1,22,0,0
Harrier,XM,2020-12,2020,12,1509221,1490000,0.0,0,0,23,0,0
Harrier,XM,2021-01,2021,1,1509221,1490000,0.0,0,0,24,0,0
Harrier,XM,2021-02,2021,2,1509221,1490000,0.0,0,0,25,0,0
Harrier,XM,2021-03,2021,3,1509221,1490000,0.0,6901,1,26,0,0
Harrier,XM,2021-04,2021,4,1509221,1490000,0.0,0,0,27,0,0
Harrier,XM,2021-05,2021,5,1509221,1490000,0.0,0,0,28,0,0
Harrier,XM,2021-06,2021,6,1509221,1490000,0.0,0,0,29,0,0
Harrier,XM,2021-07,2021,7,1509221,1490000,0.0,0,0,30,0,0
Harrier,XM,2021-08,2021,8,1509221,1490000,0.0,12243,1,31,0,0
Harrier,XM,2021-09,2021,9,1509221,1490000,0.0,0,0,32,0,1
Harrier,XM,2021-10,2021,10,1509221,1490000,0.0,4900,1,33,0,0
Harrier,XM,2021-11,2021,11,1509221,1490000,0.0,15819,1,34,0,0
Harrier,XM,2021-12,2021,12,1509221,1490000,0.0,0,0,35,0,1
Harrier,XM,2022-01,2022,1,1509221,1490000,0.0,0,0,36,1,0
Harrier,XM,2022-02,2022,2,1509221,1490000,0.0,0,0,37,0,0
Harrier,XM,2022-03,2022,3,1509221,1490000,0.0,3478,1,38,0,0
Harrier,XM,2022-04,2022,4,1509221,1490000,0.0,0,0,39,0,0
Harrier,XM,2022-05,2022,5,1509221,1490000,0.0,0,0,40,0,1
Harrier,XM,2022-06,2022,6,1493223,1490000,-0.0106,0,0,41,0,0
Harrier,XM,2022-07,2022,7,1493223,1490000,0.0,0,0,42,0,1
Harrier,XM,2022-08,2022,8,1493223,1490000,0.0,13304,1,43,0,0
Harrier,XM,2022-09,2022,9,1493223,1490000,0.0,0,0,44,0,0
Harrier,XM,2022-10,2022,10,1493223,1490000,0.0,8651,1,45,0,0
Harrier,XM,2022-11,2022,11,1493223,1490000,0.0,18547,1,46,0,0
Harrier,XM,2022-12,2022,12,1493223,1490000,0.0,0,0,47,0,0
Harrier,XM,2023-01,2023,1,1482322,1490000,-0.0073,0,0,48,0,0
Harrier,XM,2023-02,2023,2,1482322,1490000,0.0,0,0,49,0,0
Harrier,XM,2023-03,2023,3,1482322,1490000,0.0,19524,1,50,0,0
Harrier,XM,2023-04,2023,4,1482322,1490000,0.0,0,0,51,0,0
Harrier,XM,2023-05,2023,5,1482322,1490000,0.0,0,0,52,0,0
Harrier,XM,2023-06,2023,6,1519528,1490000,0.0251,0,0,53,0,0
Harrier,XM,2023-07,2023,7,1519528,1490000,0.0,23220,1,54,1,0
Harrier,XM,2023-08,2023,8,1519528,1490000,0.0,9913,1,55,0,0
Harrier,XM,2023-09,2023,9,1519528,1490000,0.0,0,0,56,0,0
Harrier,XM,2023-10,2023,10,1557212,1490000,0.0248,7765,1,57,0,0
Harrier,XM,2023-11,2023,11,1557212,1490000,0.0,14611,1,58,0,0
Harrier,XM,2023-12,2023,12,1557212,1490000,0.0,0,0,59,0,0
Harrier,XZ,2020-01,2020,1,1540000,1540000,0.0,0,0,12,0,0
Harrier,XZ,2020-02,2020,2,1540000,1540000,0.0,16788,1,13,0,0
Harrier,XZ,2020-03,2020,3,1531838,1540000,-0.0053,13475,1,14,0,0
Harrier,XZ,2020-04,2020,4,1531838,1540000,0.0,0,0,15,0,0
Harrier,XZ,2020-05,2020,5,1576414,1540000,0.0291,0,0,16,0,0
Harrier,XZ,2020-06,2020,6,1576414,1540000,0.0,0,0,17,0,0
Harrier,XZ,2020-07,2020,7,1576414,1540000,0.0,0,0,18,1,0
Harrier,XZ,2020-08,2020,8,1576414,1540000,0.0,15290,1,19,0,0
Harrier,XZ,2020-09,2020,9,1576414,1540000,0.0,0,0,20,0,0
Harrier,XZ,2020-10,2020,10,1576414,1540000,0.0,15922,1,21,0,1
Harrier,XZ,2020-11,2020,11,1576414,1540000,0.0,4412,1,22,0,0
Harrier,XZ,2020-12,2020,12,1576414,1540000,0.0,0,0,23,0,0
Harrier,XZ,2021-01,2021,1,1576414,1540000,0.0,0,0,24,0,0
Harrier,XZ,2021-02,2021,2,1576414,1540000,0.0,21539,0,25,0,0
Harrier,XZ,2021-03,2021,3,1558758,1540000,-0.0112,12029,1,26,0,0
Harrier,XZ,2021-04,2021,4,1582139,1540000,0.015,22377,1,27,0,1
Harrier,XZ,2021-05,2021,5,1582139,1540000,0.0,7769,1,28,0,0
Harrier,XZ,2021-06,2021,6,1582139,1540000,0.0,0,0,29,0,1
Harrier,XZ,2021-07,2021,7,1627705,1540000,0.0288,18555,1,30,0,0
Harrier,XZ,2021-08,2021,8,1627705,1540000,0.0,5790,1,31,0,0
Harrier,XZ,2021-09,2021,9,1627705,1540000,0.0,0,0,32,0,0
Harrier,XZ,2021-10,2021,10,1627705,1540000,0.0,12624,1,33,0,0
Harrier,XZ,2021-11,2021,11,1627705,1540000,0.0,23487,1,34,0,0
Harrier,XZ,2021-12,2021,12,1627705,1540000,0.0,0,0,35,0,0
Harrier,XZ,2022-01,2022,1,1627705,1540000,0.0,0,0,36,1,0
Harrier,XZ,2022-02,2022,2,1627705,1540000,0.0,9113,1,37,0,0
Harrier,XZ,2022-03,2022,3,1649191,1540000,0.0132,18594,1,38,0,0
Harrier,XZ,2022-04,2022,4,1685143,1540000,0.0218,0,0,39,0,0
Harrier,XZ,2022-05,2022,5,1685143,1540000,0.0,0,0,40,0,1
Harrier,XZ,2022-06,2022,6,1685143,1540000,0.0,23114,0,41,0,0
Harrier,XZ,2022-07,2022,7,1685143,1540000,0.0,0,0,42,0,0
Harrier,XZ,2022-08,2022,8,1685143,1540000,0.0,8381,1,43,0,0
Harrier,XZ,2022-09,2022,9,1685143,1540000,0.0,0,0,44,0,0
Harrier,XZ,2022-10,2022,10,1685143,1540000,0.0,7321,1,45,0,0
Harrier,XZ,2022-11,2022,11,1710420,1540000,0.015,10400,1,46,0,1
Harrier,XZ,2022-12,2022,12,1710420,1540000,0.0,19350,1,47,0,0
Harrier,XZ,2023-01,2023,1,1710420,1540000,0.0,0,0,48,0,0
Harrier,XZ,2023-02,2023,2,1710420,1540000,0.0,0,0,49,0,0
Harrier,XZ,2023-03,2023,3,1710420,1540000,0.0,16027,1,50,0,0
Harrier,XZ,2023-04,2023,4,1710420,1540000,0.0,0,0,51,0,0
Harrier,XZ,2023-05,2023,5,1710420,1540000,0.0,24196,0,52,0,0
Harrier,XZ,2023-06,2023,6,1710420,1540000,0.0,0,0,53,0,0
Harrier,XZ,2023-07,2023,7,1710420,1540000,0.0,0,0,54,1,1
Harrier,XZ,2023-08,2023,8,1710420,1540000,0.0,15075,1,55,0,0
Harrier,XZ,2023-09,2023,9,1710420,1540000,0.0,11726,1,56,0,0
Harrier,XZ,2023-10,2023,10,1710420,1540000,0.0,20037,1,57,0,0
Harrier,XZ,2023-11,2023,11,1710420,1540000,0.0,13747,1,58,0,0
Harrier,XZ,2023-12,2023,12,1710420,1540000,0.0,19765,0,59,0,0
Harrier,XZ+,2020-01,2020,1,1590000,1590000,0.0,0,0,12,0,0
Harrier,XZ+,2020-02,2020,2,1590000,1590000,0.0,0,0,13,0,0
Harrier,XZ+,2020-03,2020,3,1590000,1590000,0.0,11315,1,14,0,0
Harrier,XZ+,2020-04,2020,4,1590000,1590000,0.0,0,0,15,0,0
Harrier,XZ+,2020-05,2020,5,1590000,1590000,0.0,0,0,16,0,0
Harrier,XZ+,2020-06,2020,6,1590000,1590000,0.0,0,0,17,0,0
Harrier,XZ+,2020-07,2020,7,1590000,1590000,0.0,4418,0,18,1,0
Harrier,XZ+,2020-08,2020,8,1590000,1590000,0.0,22028,1,19,0,0
Harrier,XZ+,2020-09,2020,9,1590000,1590000,0.0,0,0,20,0,0
Harrier,XZ+,2020-10,2020,10,1590000,1590000,0.0,13901,1,21,0,0
Harrier,XZ+,2020-11,2020,11,1590000,1590000,0.0,17327,1,22,0,0
Harrier,XZ+,2020-12,2020,12,1566786,1590000,-0.0146,0,0,23,0,0
Harrier,XZ+,2021-01,2021,1,1566786,1590000,0.0,0,0,24,0,0
Harrier,XZ+,2021-02,2021,2,1566786,1590000,0.0,0,0,25,0,1
Harrier,XZ+,2021-03,2021,3,1566786,1590000,0.0,7002,1,26,0,0
Harrier,XZ+,2021-04,2021,4,1566786,1590000,0.0,0,0,27,0,0
Harrier,XZ+,2021-05,2021,5,1566786,1590000,0.0,8830,1,28,0,0
Harrier,XZ+,2021-06,2021,6,1566786,1590000,0.0,0,0,29,0,0
Harrier,XZ+,2021-07,2021,7,1566786,1590000,0.0,0,0,30,0,0
Harrier,XZ+,2021-08,2021,8,1566786,1590000,0.0,4838,1,31,0,1
Harrier,XZ+,2021-09,2021,9,1566786,1590000,0.0,0,0,32,0,0
Harrier,XZ+,2021-10,2021,10,1566786,1590000,0.0,20846,1,33,0,0
Harrier,XZ+,2021-11,2021,11,1566786,1590000,0.0,8953,1,34,0,0
Harrier,XZ+,2021-12,2021,12,1566786,1590000,0.0,0,0,35,0,0
Harrier,XZ+,2022-01,2022,1,1566786,1590000,0.0,0,0,36,1,0
Harrier,XZ+,2022-02,2022,2,1605016,1590000,0.0244,0,0,37,0,0
Harrier,XZ+,2022-03,2022,3,1605016,1590000,0.0,3354,1,38,0,0
Harrier,XZ+,2022-04,2022,4,1605016,1590000,0.0,0,0,39,0,1
Harrier,XZ+,2022-05,2022,5,1605016,1590000,0.0,9673,0,40,0,1
Harrier,XZ+,2022-06,2022,6,1605016,1590000,0.0,0,0,41,0,0
Harrier,XZ+,2022-07,2022,7,1650438,1590000,0.0283,0,0,42,0,0
Harrier,XZ+,2022-08,2022,8,1650438,1590000,0.0,4708,1,43,0,0
Harrier,XZ+,2022-09,2022,9,1650438,1590000,0.0,16217,1,44,0,0
Harrier,XZ+,2022-10,2022,10,1650438,1590000,0.0,6826,1,45,0,0
Harrier,XZ+,2022-11,2022,11,1627827,1590000,-0.0137,18636,1,46,0,0
Harrier,XZ+,2022-12,2022,12,1660546,1590000,0.0201,0,0,47,0,1
Harrier,XZ+,2023-01,2023,1,1660546,1590000,0.0,23665,1,48,0,0
Harrier,XZ+,2023-02,2023,2,1660546,1590000,0.0,18994,0,49,0,0
Harrier,XZ+,2023-03,2023,3,1660546,1590000,0.0,19718,1,50,0,0
Harrier,XZ+,2023-04,2023,4,1660546,1590000,0.0,0,0,51,0,0
Harrier,XZ+,2023-05,2023,5,1660546,1590000,0.0,0,0,52,0,0
Harrier,XZ+,2023-06,2023,6,1680805,1590000,0.0122,11537,1,53,0,0
Harrier,XZ+,2023-07,2023,7,1680805,1590000,0.0,21753,0,54,1,0
Harrier,XZ+,2023-08,2023,8,1707026,1590000,0.0156,19453,1,55,0,0
Harrier,XZ+,2023-09,2023,9,1707026,1590000,0.0,0,0,56,0,0
Harrier,XZ+,2023-10,2023,10,1707026,1590000,0.0,13249,1,57,0,1
Harrier,XZ+,2023-11,2023,11,1707026,1590000,0.0,7286,1,58,0,1
Harrier,XZ+,2023-12,2023,12,1707026,1590000,0.0,12867,0,59,0,0
Harrier,Dark,2020-01,2020,1,1640000,1640000,0.0,0,0,12,0,0
Harrier,Dark,2020-02,2020,2,1640000,1640000,0.0,0,0,13,0,1
Harrier,Dark,2020-03,2020,3,1640000,1640000,0.0,23990,1,14,0,0
Harrier,Dark,2020-04,2020,4,1640000,1640000,0.0,9070,0,15,0,0
Harrier,Dark,2020-05,2020,5,1640000,1640000,0.0,20688,1,16,0,0
Harrier,Dark,2020-06,2020,6,1640000,1640000,0.0,0,0,17,0,0
Harrier,Dark,2020-07,2020,7,1640000,1640000,0.0,23642,0,18,1,1
Harrier,Dark,2020-08,2020,8,1640000,1640000,0.0,24112,1,19,0,0
Harrier,Dark,2020-09,2020,9,1640000,1640000,0.0,0,0,20,0,0
Harrier,Dark,2020-10,2020,10,1627208,1640000,-0.0078,5255,1,21,0,0
Harrier,Dark,2020-11,2020,11,1627208,1640000,0.0,5073,1,22,0,1
Harrier,Dark,2020-12,2020,12,1627208,1640000,0.0,0,0,23,0,0
Harrier,Dark,2021-01,2021,1,1627208,1640000,0.0,0,0,24,0,1
Harrier,Dark,2021-02,2021,2,1603776,1640000,-0.0144,0,0,25,0,0
Harrier,Dark,2021-03,2021,3,1594795,1640000,-0.0056,7529,1,26,0,0
Harrier,Dark,2021-04,2021,4,1640566,1640000,0.0287,0,0,27,0,0
Harrier,Dark,2021-05,2021,5,1640566,1640000,0.0,3561,0,28,0,1
Harrier,Dark,2021-06,2021,6,1625309,1640000,-0.0093,0,0,29,0,0
Harrier,Dark,2021-07,2021,7,1625309,1640000,0.0,0,0,30,0,1
Harrier,Dark,2021-08,2021,8,1625309,1640000,0.0,18251,1,31,0,0
Harrier,Dark,2021-09,2021,9,1625309,1640000,0.0,0,0,32,0,0
Harrier,Dark,2021-10,2021,10,1625309,1640000,0.0,3576,1,33,0,0
Harrier,Dark,2021-11,2021,11,1625309,1640000,0.0,18372,1,34,0,0
Harrier,Dark,2021-12,2021,12,1625309,1640000,0.0,0,0,35,0,1
Harrier,Dark,2022-01,2022,1,1611819,1640000,-0.0083,0,0,36,1,0
Harrier,Dark,2022-02,2022,2,1611819,1640000,0.0,0,0,37,0,0
Harrier,Dark,2022-03,2022,3,1611819,1640000,0.0,14065,1,38,0,0
Harrier,Dark,2022-04,2022,4,1611819,1640000,0.0,11188,0,39,0,0
Harrier,Dark,2022-05,2022,5,1655499,1640000,0.0271,0,0,40,0,0
Harrier,Dark,2022-06,2022,6,1702350,1640000,0.0283,0,0,41,0,1
Harrier,Dark,2022-07,2022,7,1702350,1640000,0.0,0,0,42,0,0
Harrier,Dark,2022-08,2022,8,1702350,1640000,0.0,12702,1,43,0,0
Harrier,Dark,2022-09,2022,9,1702350,1640000,0.0,0,0,44,0,0
Harrier,Dark,2022-10,2022,10,1702350,1640000,0.0,21725,1,45,0,0
Harrier,Dark,2022-11,2022,11,1702350,1640000,0.0,4645,1,46,0,0
Harrier,Dark,2022-12,2022,12,1702350,1640000,0.0,0,0,47,0,0
Harrier,Dark,2023-01,2023,1,1702350,1640000,0.0,20356,0,48,0,0
Harrier,Dark,2023-02,2023,2,1702350,1640000,0.0,0,0,49,0,0
Harrier,Dark,2023-03,2023,3,1702350,1640000,0.0,17494,1,50,0,0
Harrier,Dark,2023-04,2023,4,1702350,1640000,0.0,0,0,51,0,0
Harrier,Dark,2023-05,2023,5,1702350,1640000,0.0,0,0,52,0,0
Harrier,Dark,2023-06,2023,6,1702350,1640000,0.0,0,0,53,0,0
Harrier,Dark,2023-07,2023,7,1702350,1640000,0.0,16083,0,54,1,1
Harrier,Dark,2023-08,2023,8,1687710,1640000,-0.0086,16117,1,55,0,1
Harrier,Dark,2023-09,2023,9,1687710,1640000,0.0,0,0,56,0,0
Harrier,Dark,2023-10,2023,10,1687710,1640000,0.0,17077,1,57,0,0
Harrier,Dark,2023-11,2023,11,1687710,1640000,0.0,3021,1,58,0,0
Harrier,Dark,2023-12,2023,12,1665939,1640000,-0.0129,0,0,59,0,0
Tiago,XE,2020-01,2020,1,500000,500000,0.0,0,0,44,0,0
Tiago,XE,2020-02,2020,2,500000,500000,0.0,0,0,45,0,0
Tiago,XE,2020-03,2020,3,500000,500000,0.0,18157,1,46,0,0
Tiago,XE,2020-04,2020,4,500000,500000,0.0,0,0,47,0,0
Tiago,XE,2020-05,2020,5,500000,500000,0.0,0,0,48,0,0
Tiago,XE,2020-06,2020,6,500000,500000,0.0,0,0,49,0,0
Tiago,XE,2020-07,2020,7,500000,500000,0.0,0,0,50,0,0
Tiago,XE,2020-08,2020,8,500000,500000,0.0,12511,1,51,0,1
Tiago,XE,2020-09,2020,9,500000,500000,0.0,16443,1,52,0,0
Tiago,XE,2020-10,2020,10,500000,500000,0.0,17187,1,53,0,0
Tiago,XE,2020-11,2020,11,500000,500000,0.0,14420,1,54,1,1
Tiago,XE,2020-12,2020,12,500000,500000,0.0,0,0,55,0,0
Tiago,XE,2021-01,2021,1,500000,500000,0.0,0,0,56,0,0
Tiago,XE,2021-02,2021,2,500000,500000,0.0,0,0,57,0,1
Tiago,XE,2021-03,2021,3,500000,500000,0.0,24099,1,58,0,0
Tiago,XE,2021-04,2021,4,505150,500000,0.0103,0,0,59,0,1
Tiago,XE,2021-05,2021,5,505150,500000,0.0,0,0,60,0,0
Tiago,XE,2021-06,2021,6,505150,500000,0.0,0,0,61,0,0
Tiago,XE,2021-07,2021,7,505150,500000,0.0,8374,0,62,0,0
Tiago,XE,2021-08,2021,8,505150,500000,0.0,21743,1,63,0,0
Tiago,XE,2021-09,2021,9,505150,500000,0.0,0,0,64,0,0
Tiago,XE,2021-10,2021,10,505150,500000,0.0,16292,1,65,0,0
Tiago,XE,2021-11,2021,11,505150,500000,0.0,14086,1,66,0,0
Tiago,XE,2021-12,2021,12,505150,500000,0.0,0,0,67,0,0
Tiago,XE,2022-01,2022,1,505150,500000,0.0,0,0,68,0,0
Tiago,XE,2022-02,2022,2,505150,500000,0.0,3999,0,69,0,0
Tiago,XE,2022-03,2022,3,505150,500000,0.0,19846,1,70,0,0
Tiago,XE,2022-04,2022,4,505150,500000,0.0,0,0,71,0,0
Tiago,XE,2022-05,2022,5,505150,500000,0.0,8759,0,72,1,0
Tiago,XE,2022-06,2022,6,505150,500000,0.0,0,0,73,0,0
Tiago,XE,2022-07,2022,7,505150,500000,0.0,0,0,74,0,0
Tiago,XE,2022-08,2022,8,505150,500000,0.0,3976,1,75,0,0
Tiago,XE,2022-09,2022,9,505150,500000,0.0,0,0,76,0,0
Tiago,XE,2022-10,2022,10,505150,500000,0.0,12699,1,77,0,0
Tiago,XE,2022-11,2022,11,505150,500000,0.0,11041,1,78,0,0
Tiago,XE,2022-12,2022,12,505150,500000,0.0,0,0,79,0,0
Tiago,XE,2023-01,2023,1,505150,500000,0.0,0,0,80,0,0
Tiago,XE,2023-02,2023,2,505150,500000,0.0,0,0,81,0,0
Tiago,XE,2023-03,2023,3,505150,500000,0.0,8785,1,82,0,0
Tiago,XE,2023-04,2023,4,498482,500000,-0.0132,20700,0,83,0,0
Tiago,XE,2023-05,2023,5,498482,500000,0.0,0,0,84,0,0
Tiago,XE,2023-06,2023,6,498482,500000,0.0,0,0,85,0,0
Tiago,XE,2023-07,2023,7,498482,500000,0.0,7855,0,86,0,0
Tiago,XE,2023-08,2023,8,498482,500000,0.0,7678,1,87,0,0
Tiago,XE,2023-09,2023,9,498482,500000,0.0,0,0,88,0,0
Tiago,XE,2023-10,2023,10,498482,500000,0.0,19263,1,89,0,0
Tiago,XE,2023-11,2023,11,498482,500000,0.0,9517,1,90,1,1
Tiago,XE,2023-12,2023,12,498482,500000,0.0,4357,1,91,0,0
Tiago,XM,2020-01,2020,1,540000,540000,0.0,19232,0,44,0,0
Tiago,XM,2020-02,2020,2,540000,540000,0.0,8220,0,45,0,0
Tiago,XM,2020-03,2020,3,540000,540000,0.0,16206,1,46,0,0
Tiago,XM,2020-04,2020,4,537192,540000,-0.0052,0,0,47,0,0
Tiago,XM,2020-05,2020,5,537192,540000,0.0,4777,1,48,0,0
Tiago,XM,2020-06,2020,6,537192,540000,0.0,0,0,49,0,0
Tiago,XM,2020-07,2020,7,537192,540000,0.0,0,0,50,0,0
Tiago,XM,2020-08,2020,8,537192,540000,0.0,6368,1,51,0,0
Tiago,XM,2020-09,2020,9,537192,540000,0.0,0,0,52,0,0
Tiago,XM,2020-10,2020,10,537192,540000,0.0,16377,1,53,0,0
Tiago,XM,2020-11,2020,11,537192,540000,0.0,8476,1,54,1,1
Tiago,XM,2020-12,2020,12,537192,540000,0.0,0,0,55,0,0
Tiago,XM,2021-01,2021,1,537192,540000,0.0,0,0,56,0,0
Tiago,XM,2021-02,2021,2,537192,540000,0.0,5458,1,57,0,0
Tiago,XM,2021-03,2021,3,537192,540000,0.0,18774,1,58,0,0
Tiago,XM,2021-04,2021,4,537192,540000,0.0,0,0,59,0,0
Tiago,XM,2021-05,2021,5,537192,540000,0.0,0,0,60,0,0
Tiago,XM,2021-06,2021,6,537192,540000,0.0,9900,1,61,0,0
Tiago,XM,2021-07,2021,7,537192,540000,0.0,0,0,62,0,0
Tiago,XM,2021-08,2021,8,537192,540000,0.0,8471,1,63,0,0
Tiago,XM,2021-09,2021,9,537192,540000,0.0,0,0,64,0,0
Tiago,XM,2021-10,2021,10,537192,540000,0.0,17535,1,65,0,0
Tiago,XM,2021-11,2021,11,537192,540000,0.0,4869,1,66,0,0
Tiago,XM,2021-12,2021,12,537192,540000,0.0,0,0,67,0,0
Tiago,XM,2022-01,2022,1,537192,540000,0.0,21181,1,68,0,0
Tiago,XM,2022-02,2022,2,537192,540000,0.0,0,0,69,0,0
Tiago,XM,2022-03,2022,3,544766,540000,0.0141,6377,1,70,0,0
Tiago,XM,2022-04,2022,4,541171,540000,-0.0066,0,0,71,0,0
Tiago,XM,2022-05,2022,5,541171,540000,0.0,0,0,72,1,0
Tiago,XM,2022-06,2022,6,541171,540000,0.0,0,0,73,0,0
Tiago,XM,2022-07,2022,7,541171,540000,0.0,0,0,74,0,0
Tiago,XM,2022-08,2022,8,541171,540000,0.0,9293,1,75,0,0
Tiago,XM,2022-09,2022,9,541171,540000,0.0,0,0,76,0,0
Tiago,XM,2022-10,2022,10,541171,540000,0.0,8956,1,77,0,0
Tiago,XM,2022-11,2022,11,534136,540000,-0.013,12601,1,78,0,0
Tiago,XM,2022-12,2022,12,534136,540000,0.0,0,0,79,0,0
Tiago,XM,2023-01,2023,1,534136,540000,0.0,0,0,80,0,0
Tiago,XM,2023-02,2023,2,534136,540000,0.0,0,0,81,0,0
Tiago,XM,2023-03,2023,3,534136,540000,0.0,9225,1,82,0,0
Tiago,XM,2023-04,2023,4,534136,540000,0.0,22524,1,83,0,0
Tiago,XM,2023-05,2023,5,534136,540000,0.0,0,0,84,0,0
Tiago,XM,2023-06,2023,6,534136,540000,0.0,17870,0,85,0,0
Tiago,XM,2023-07,2023,7,534136,540000,0.0,6422,1,86,0,0
Tiago,XM,2023-08,2023,8,534136,540000,0.0,23964,1,87,0,0
Tiago,XM,2023-09,2023,9,534136,540000,0.0,15719,0,88,0,0
Tiago,XM,2023-10,2023,10,534136,540000,0.0,24711,1,89,0,0
Tiago,XM,2023-11,2023,11,534136,540000,0.0,18666,1,90,1,0
Tiago,XM,2023-12,2023,12,534136,540000,0.0,14509,0,91,0,1
Tiago,XZ,2020-01,2020,1,590000,590000,0.0,0,0,44,0,0
Tiago,XZ,2020-02,2020,2,590000,590000,0.0,0,0,45,0,0
Tiago,XZ,2020-03,2020,3,590000,590000,0.0,20897,1,46,0,0
Tiago,XZ,2020-04,2020,4,590000,590000,0.0,0,0,47,0,0
Tiago,XZ,2020-05,2020,5,590000,590000,0.0,0,0,48,0,0
Tiago,XZ,2020-06,2020,6,590000,590000,0.0,0,0,49,0,0
Tiago,XZ,2020-07,2020,7,590000,590000,0.0,0,0,50,0,0
Tiago,XZ,2020-08,2020,8,590000,590000,0.0,22039,1,51,0,0
Tiago,XZ,2020-09,2020,9,590000,590000,0.0,10917,1,52,0,0
Tiago,XZ,2020-10,2020,10,590000,590000,0.0,4606,1,53,0,0
Tiago,XZ,2020-11,2020,11,590000,590000,0.0,19357,1,54,1,0
Tiago,XZ,2020-12,2020,12,590000,590000,0.0,0,0,55,0,0
Tiago,XZ,2021-01,2021,1,602921,590000,0.0219,0,0,56,0,0
Tiago,XZ,2021-02,2021,2,602921,590000,0.0,0,0,57,0,0
Tiago,XZ,2021-03,2021,3,602921,590000,0.0,5004,1,58,0,0
Tiago,XZ,2021-04,2021,4,602921,590000,0.0,0,0,59,0,0
Tiago,XZ,2021-05,2021,5,602921,590000,0.0,16766,1,60,0,0
Tiago,XZ,2021-06,2021,6,602921,590000,0.0,7450,0,61,0,0
Tiago,XZ,2021-07,2021,7,602921,590000,0.0,12554,0,62,0,0
Tiago,XZ,2021-08,2021,8,602921,590000,0.0,7842,1,63,0,0
Tiago,XZ,2021-09,2021,9,602921,590000,0.0,0,0,64,0,1
Tiago,XZ,2021-10,2021,10,602921,590000,0.0,18801,1,65,0,0
Tiago,XZ,2021-11,2021,11,602921,590000,0.0,10472,1,66,0,0
Tiago,XZ,2021-12,2021,12,602921,590000,0.0,0,0,67,0,0
Tiago,XZ,2022-01,2022,1,602921,590000,0.0,0,0,68,0,0
Tiago,XZ,2022-02,2022,2,615763,590000,0.0213,0,0,69,0,0
Tiago,XZ,2022-03,2022,3,615763,590000,0.0,22688,1,70,0,0
Tiago,XZ,2022-04,2022,4,615763,590000,0.0,0,0,71,0,0
Tiago,XZ,2022-05,2022,5,615763,590000,0.0,0,0,72,1,0
Tiago,XZ,2022-06,2022,6,615763,590000,0.0,0,0,73,0,0
Tiago,XZ,2022-07,2022,7,615763,590000,0.0,0,0,74,0,0
Tiago,XZ,2022-08,2022,8,615763,590000,0.0,7877,1,75,0,0
Tiago,XZ,2022-09,2022,9,615763,590000,0.0,0,0,76,0,0
Tiago,XZ,2022-10,2022,10,615763,590000,0.0,6942,1,77,0,0
Tiago,XZ,2022-11,2022,11,615763,590000,0.0,15037,1,78,0,0
Tiago,XZ,2022-12,2022,12,615763,590000,0.0,0,0,79,0,0
Tiago,XZ,2023-01,2023,1,615763,590000,0.0,5986,1,80,0,0
Tiago,XZ,2023-02,2023,2,615763,590000,0.0,0,0,81,0,0
Tiago,XZ,2023-03,2023,3,615763,590000,0.0,20361,1,82,0,0
Tiago,XZ,2023-04,2023,4,615763,590000,0.0,0,0,83,0,1
Tiago,XZ,2023-05,2023,5,615763,590000,0.0,0,0,84,0,0
Tiago,XZ,2023-06,2023,6,615763,590000,0.0,17777,0,85,0,0
Tiago,XZ,2023-07,2023,7,615763,590000,0.0,0,0,86,0,0
Tiago,XZ,2023-08,2023,8,615763,590000,0.0,6918,1,87,0,0
Tiago,XZ,2023-09,2023,9,615763,590000,0.0,0,0,88,0,0
Tiago,XZ,2023-10,2023,10,615763,590000,0.0,24165,1,89,0,0
Tiago,XZ,2023-11,2023,11,615763,590000,0.0,18664,1,90,1,0
Tiago,XZ,2023-12,2023,12,615763,590000,0.0,0,0,91,0,0
Tiago,XZ+,2020-01,2020,1,640000,640000,0.0,0,0,44,0,0
Tiago,XZ+,2020-02,2020,2,640000,640000,0.0,0,0,45,0,0
Tiago,XZ+,2020-03,2020,3,640000,640000,0.0,15324,1,46,0,0
Tiago,XZ+,2020-04,2020,4,640000,640000,0.0,0,0,47,0,0
Tiago,XZ+,2020-05,2020,5,652864,640000,0.0201,0,0,48,0,0
Tiago,XZ+,2020-06,2020,6,652864,640000,0.0,20565,1,49,0,0
Tiago,XZ+,2020-07,2020,7,652864,640000,0.0,5173,1,50,0,0
Tiago,XZ+,2020-08,2020,8,652864,640000,0.0,18188,1,51,0,0
Tiago,XZ+,2020-09,2020,9,652864,640000,0.0,12035,0,52,0,1
Tiago,XZ+,2020-10,2020,10,652864,640000,0.0,22969,1,53,0,0
Tiago,XZ+,2020-11,2020,11,652864,640000,0.0,9964,1,54,1,0
Tiago,XZ+,2020-12,2020,12,646988,640000,-0.009,0,0,55,0,0
Tiago,XZ+,2021-01,2021,1,646988,640000,0.0,0,0,56,0,0
Tiago,XZ+,2021-02,2021,2,646988,640000,0.0,0,0,57,0,0
Tiago,XZ+,2021-03,2021,3,646988,640000,0.0,11719,1,58,0,0
Tiago,XZ+,2021-04,2021,4,646988,640000,0.0,23126,1,59,0,0
Tiago,XZ+,2021-05,2021,5,646988,640000,0.0,0,0,60,0,0
Tiago,XZ+,2021-06,2021,6,646988,640000,0.0,5946,1,61,0,0
Tiago,XZ+,2021-07,2021,7,646988,640000,0.0,0,0,62,0,0
Tiago,XZ+,2021-08,2021,8,646988,640000,0.0,23144,1,63,0,0
Tiago,XZ+,2021-09,2021,9,659281,640000,0.019,0,0,64,0,1
Tiago,XZ+,2021-10,2021,10,659281,640000,0.0,19523,1,65,0,0
Tiago,XZ+,2021-11,2021,11,659281,640000,0.0,10436,1,66,0,0
Tiago,XZ+,2021-12,2021,12,659281,640000,0.0,4565,1,67,0,0
Tiago,XZ+,2022-01,2022,1,659281,640000,0.0,0,0,68,0,1
Tiago,XZ+,2022-02,2022,2,659281,640000,0.0,13319,0,69,0,0
Tiago,XZ+,2022-03,2022,3,668115,640000,0.0134,19111,1,70,0,0
Tiago,XZ+,2022-04,2022,4,668115,640000,0.0,0,0,71,0,1
Tiago,XZ+,2022-05,2022,5,668115,640000,0.0,0,0,72,1,0
Tiago,XZ+,2022-06,2022,6,677402,640000,0.0139,0,0,73,0,0
Tiago,XZ+,2022-07,2022,7,677402,640000,0.0,21539,0,74,0,0
Tiago,XZ+,2022-08,2022,8,677402,640000,0.0,3670,1,75,0,0
Tiago,XZ+,2022-09,2022,9,677402,640000,0.0,0,0,76,0,0
Tiago,XZ+,2022-10,2022,10,677402,640000,0.0,15217,1,77,0,0
Tiago,XZ+,2022-11,2022,11,677402,640000,0.0,20447,1,78,0,0
Tiago,XZ+,2022-12,2022,12,677402,640000,0.0,14180,1,79,0,0
Tiago,XZ+,2023-01,2023,1,677402,640000,0.0,11904,1,80,0,0
Tiago,XZ+,2023-02,2023,2,677402,640000,0.0,0,0,81,0,0
Tiago,XZ+,2023-03,2023,3,677402,640000,0.0,22858,1,82,0,0
Tiago,XZ+,2023-04,2023,4,685192,640000,0.0115,0,0,83,0,0
Tiago,XZ+,2023-05,2023,5,685192,640000,0.0,0,0,84,0,0
Tiago,XZ+,2023-06,2023,6,685192,640000,0.0,16304,0,85,0,1
Tiago,XZ+,2023-07,2023,7,685192,640000,0.0,0,0,86,0,0
Tiago,XZ+,2023-08,2023,8,685192,640000,0.0,20237,1,87,0,0
Tiago,XZ+,2023-09,2023,9,685192,640000,0.0,0,0,88,0,0
Tiago,XZ+,2023-10,2023,10,685192,640000,0.0,21034,1,89,0,0
Tiago,XZ+,2023-11,2023,11,694785,640000,0.014,22590,1,90,1,0
Tiago,XZ+,2023-12,2023,12,694785,640000,0.0,15121,0,91,0,0
Tigor,XE,2020-01,2020,1,560725,550000,0.0195,8690,0,34,0,0
Tigor,XE,2020-02,2020,2,560725,550000,0.0,3401,0,35,0,1
Tigor,XE,2020-03,2020,3,560725,550000,0.0,10554,1,36,1,0
Tigor,XE,2020-04,2020,4,560725,550000,0.0,0,0,37,0,0
Tigor,XE,2020-05,2020,5,560725,550000,0.0,0,0,38,0,0
Tigor,XE,2020-06,2020,6,560725,550000,0.0,0,0,39,0,0
Tigor,XE,2020-07,2020,7,560725,550000,0.0,23891,0,40,0,0
Tigor,XE,2020-08,2020,8,560725,550000,0.0,18747,1,41,0,0
Tigor,XE,2020-09,2020,9,560725,550000,0.0,0,0,42,0,0
Tigor,XE,2020-10,2020,10,560725,550000,0.0,12503,1,43,0,0
Tigor,XE,2020-11,2020,11,572164,550000,0.0204,20082,1,44,0,1
Tigor,XE,2020-12,2020,12,572164,550000,0.0,0,0,45,0,0
Tigor,XE,2021-01,2021,1,572164,550000,0.0,0,0,46,0,1
Tigor,XE,2021-02,2021,2,572164,550000,0.0,0,0,47,0,0
Tigor,XE,2021-03,2021,3,572164,550000,0.0,10042,1,48,0,0
Tigor,XE,2021-04,2021,4,567758,550000,-0.0077,0,0,49,0,1
Tigor,XE,2021-05,2021,5,567758,550000,0.0,0,0,50,0,0
Tigor,XE,2021-06,2021,6,567758,550000,0.0,0,0,51,0,0
Tigor,XE,2021-07,2021,7,573436,550000,0.01,0,0,52,0,0
Tigor,XE,2021-08,2021,8,573436,550000,0.0,10793,1,53,0,0
Tigor,XE,2021-09,2021,9,573436,550000,0.0,16028,0,54,1,0
Tigor,XE,2021-10,2021,10,573436,550000,0.0,5201,1,55,0,0
Tigor,XE,2021-11,2021,11,573436,550000,0.0,11184,1,56,0,0
Tigor,XE,2021-12,2021,12,573436,550000,0.0,9054,1,57,0,0
Tigor,XE,2022-01,2022,1,573436,550000,0.0,0,0,58,0,0
Tigor,XE,2022-02,2022,2,565752,550000,-0.0134,0,0,59,0,0
Tigor,XE,2022-03,2022,3,565752,550000,0.0,9923,1,60,0,0
Tigor,XE,2022-04,2022,4,558284,550000,-0.0132,0,0,61,0,0
Tigor,XE,2022-05,2022,5,558284,550000,0.0,0,0,62,0,0
Tigor,XE,2022-06,2022,6,558284,550000,0.0,0,0,63,0,0
Tigor,XE,2022-07,2022,7,569394,550000,0.0199,0,0,64,0,1
Tigor,XE,2022-08,2022,8,569394,550000,0.0,12862,1,65,0,1
Tigor,XE,2022-09,2022,9,569394,550000,0.0,0,0,66,0,0
Tigor,XE,2022-10,2022,10,569394,550000,0.0,13102,1,67,0,0
Tigor,XE,2022-11,2022,11,569394,550000,0.0,7663,1,68,0,0
Tigor,XE,2022-12,2022,12,569394,550000,0.0,0,0,69,0,0
Tigor,XE,2023-01,2023,1,563928,550000,-0.0096,0,0,70,0,0
Tigor,XE,2023-02,2023,2,563928,550000,0.0,0,0,71,0,0
Tigor,XE,2023-03,2023,3,563928,550000,0.0,24914,1,72,1,0
Tigor,XE,2023-04,2023,4,563928,550000,0.0,0,0,73,0,0
Tigor,XE,2023-05,2023,5,563928,550000,0.0,14955,1,74,0,0
Tigor,XE,2023-06,2023,6,563928,550000,0.0,0,0,75,0,0
Tigor,XE,2023-07,2023,7,563928,550000,0.0,0,0,76,0,0
Tigor,XE,2023-08,2023,8,563928,550000,0.0,12103,1,77,0,0
Tigor,XE,2023-09,2023,9,563928,550000,0.0,0,0,78,0,0
Tigor,XE,2023-10,2023,10,580733,550000,0.0298,18041,1,79,0,0
Tigor,XE,2023-11,2023,11,580733,550000,0.0,13856,1,80,0,0
Tigor,XE,2023-12,2023,12,580733,550000,0.0,13475,1,81,0,0
Tigor,XM,2020-01,2020,1,590000,590000,0.0,0,0,34,0,0
Tigor,XM,2020-02,2020,2,604219,590000,0.0241,0,0,35,0,0
Tigor,XM,2020-03,2020,3,604219,590000,0.0,18032,1,36,1,0
Tigor,XM,2020-04,2020,4,597875,590000,-0.0105,0,0,37,0,1
Tigor,XM,2020-05,2020,5,597875,590000,0.0,0,0,38,0,0
Tigor,XM,2020-06,2020,6,609713,590000,0.0198,17967,1,39,0,0
Tigor,XM,2020-07,2020,7,609713,590000,0.0,0,0,40,0,0
Tigor,XM,2020-08,2020,8,609713,590000,0.0,17913,1,41,0,0
Tigor,XM,2020-09,2020,9,609713,590000,0.0,0,0,42,0,0
Tigor,XM,2020-10,2020,10,609713,590000,0.0,7730,1,43,0,0
Tigor,XM,2020-11,2020,11,609713,590000,0.0,6999,1,44,0,0
Tigor,XM,2020-12,2020,12,609713,590000,0.0,0,0,45,0,0
Tigor,XM,2021-01,2021,1,609713,590000,0.0,0,0,46,0,0
Tigor,XM,2021-02,2021,2,609713,590000,0.0,0,0,47,0,0
Tigor,XM,2021-03,2021,3,609713,590000,0.0,17158,1,48,0,0
Tigor,XM,2021-04,2021,4,609713,590000,0.0,14268,0,49,0,0
Tigor,XM,2021-05,2021,5,609713,590000,0.0,0,0,50,0,0
Tigor,XM,2021-06,2021,6,609713,590000,0.0,0,0,51,0,0
Tigor,XM,2021-07,2021,7,609713,590000,0.0,0,0,52,0,0
Tigor,XM,2021-08,2021,8,621602,590000,0.0195,12548,1,53,0,0
Tigor,XM,2021-09,2021,9,621602,590000,0.0,0,0,54,1,0
Tigor,XM,2021-10,2021,10,621602,590000,0.0,3857,1,55,0,0
Tigor,XM,2021-11,2021,11,621602,590000,0.0,20413,1,56,0,0
Tigor,XM,2021-12,2021,12,621602,590000,0.0,0,0,57,0,0
Tigor,XM,2022-01,2022,1,621602,590000,0.0,0,0,58,0,0
Tigor,XM,2022-02,2022,2,621602,590000,0.0,0,0,59,0,0
Tigor,XM,2022-03,2022,3,631299,590000,0.0156,22142,1,60,0,0
Tigor,XM,2022-04,2022,4,631299,590000,0.0,20356,0,61,0,0
Tigor,XM,2022-05,2022,5,647208,590000,0.0252,0,0,62,0,1
Tigor,XM,2022-06,2022,6,647208,590000,0.0,0,0,63,0,0
Tigor,XM,2022-07,2022,7,647208,590000,0.0,0,0,64,0,0
Tigor,XM,2022-08,2022,8,647208,590000,0.0,22241,1,65,0,0
Tigor,XM,2022-09,2022,9,647208,590000,0.0,0,0,66,0,1
Tigor,XM,2022-10,2022,10,647208,590000,0.0,20893,1,67,0,0
Tigor,XM,2022-11,2022,11,647208,590000,0.0,4901,1,68,0,0
Tigor,XM,2022-12,2022,12,647208,590000,0.0,0,0,69,0,0
Tigor,XM,2023-01,2023,1,647208,590000,0.0,12203,0,70,0,0
Tigor,XM,2023-02,2023,2,647208,590000,0.0,12829,1,71,0,0
Tigor,XM,2023-03,2023,3,647208,590000,0.0,4309,1,72,1,1
Tigor,XM,2023-04,2023,4,647208,590000,0.0,0,0,73,0,0
Tigor,XM,2023-05,2023,5,647208,590000,0.0,16313,1,74,0,0
Tigor,XM,2023-06,2023,6,647208,590000,0.0,0,0,75,0,0
Tigor,XM,2023-07,2023,7,654133,590000,0.0107,0,0,76,0,0
Tigor,XM,2023-08,2023,8,654133,590000,0.0,8465,1,77,0,0
Tigor,XM,2023-09,2023,9,654133,590000,0.0,0,0,78,0,0
Tigor,XM,2023-10,2023,10,672841,590000,0.0286,14655,1,79,0,0
Tigor,XM,2023-11,2023,11,672841,590000,0.0,21233,1,80,0,0
Tigor,XM,2023-12,2023,12,672841,590000,0.0,0,0,81,0,0
Tigor,XZ,2020-01,2020,1,640000,640000,0.0,14161,1,34,0,0
Tigor,XZ,2020-02,2020,2,647360,640000,0.0115,19577,0,35,0,0
Tigor,XZ,2020-03,2020,3,647360,640000,0.0,9064,1,36,1,0
Tigor,XZ,2020-04,2020,4,647360,640000,0.0,0,0,37,0,0
Tigor,XZ,2020-05,2020,5,647360,640000,0.0,19599,0,38,0,0
Tigor,XZ,2020-06,2020,6,647360,640000,0.0,0,0,39,0,0
Tigor,XZ,2020-07,2020,7,647360,640000,0.0,9033,0,40,0,0
Tigor,XZ,2020-08,2020,8,647360,640000,0.0,4749,1,41,0,0
Tigor,XZ,2020-09,2020,9,647360,640000,0.0,0,0,42,0,0
Tigor,XZ,2020-10,2020,10,647360,640000,0.0,11989,1,43,0,0
Tigor,XZ,2020-11,2020,11,647360,640000,0.0,24999,1,44,0,0
Tigor,XZ,2020-12,2020,12,647360,640000,0.0,0,0,45,0,0
Tigor,XZ,2021-01,2021,1,647360,640000,0.0,0,0,46,0,0
Tigor,XZ,2021-02,2021,2,647360,640000,0.0,0,0,47,0,0
Tigor,XZ,2021-03,2021,3,647360,640000,0.0,14892,1,48,0,0
Tigor,XZ,2021-04,2021,4,647360,640000,0.0,0,0,49,0,0
Tigor,XZ,2021-05,2021,5,647360,640000,0.0,5608,0,50,0,0
Tigor,XZ,2021-06,2021,6,647360,640000,0.0,0,0,51,0,0
Tigor,XZ,2021-07,2021,7,647360,640000,0.0,0,0,52,0,1
Tigor,XZ,2021-08,2021,8,647360,640000,0.0,17430,1,53,0,0
Tigor,XZ,2021-09,2021,9,647360,640000,0.0,16199,0,54,1,0
Tigor,XZ,2021-10,2021,10,647360,640000,0.0,9454,1,55,0,0
Tigor,XZ,2021-11,2021,11,647360,640000,0.0,8349,1,56,0,0
Tigor,XZ,2021-12,2021,12,647360,640000,0.0,0,0,57,0,0
Tigor,XZ,2022-01,2022,1,647360,640000,0.0,0,0,58,0,0
Tigor,XZ,2022-02,2022,2,647360,640000,0.0,0,0,59,0,0
Tigor,XZ,2022-03,2022,3,647360,640000,0.0,15858,1,60,0,0
Tigor,XZ,2022-04,2022,4,647360,640000,0.0,0,0,61,0,0
Tigor,XZ,2022-05,2022,5,647360,640000,0.0,0,0,62,0,0
Tigor,XZ,2022-06,2022,6,647360,640000,0.0,0,0,63,0,0
Tigor,XZ,2022-07,2022,7,647360,640000,0.0,0,0,64,0,0
Tigor,XZ,2022-08,2022,8,647360,640000,0.0,4427,1,65,0,0
Tigor,XZ,2022-09,2022,9,647360,640000,0.0,0,0,66,0,0
Tigor,XZ,2022-10,2022,10,647360,640000,0.0,20927,1,67,0,0
Tigor,XZ,2022-11,2022,11,647360,640000,0.0,17438,1,68,0,0
Tigor,XZ,2022-12,2022,12,647360,640000,0.0,0,0,69,0,0
Tigor,XZ,2023-01,2023,1,647360,640000,0.0,0,0,70,0,0
Tigor,XZ,2023-02,2023,2,647360,640000,0.0,13669,1,71,0,0
Tigor,XZ,2023-03,2023,3,647360,640000,0.0,15199,1,72,1,0
Tigor,XZ,2023-04,2023,4,647360,640000,0.0,0,0,73,0,0
Tigor,XZ,2023-05,2023,5,647360,640000,0.0,0,0,74,0,0
Tigor,XZ,2023-06,2023,6,647360,640000,0.0,0,0,75,0,0
Tigor,XZ,2023-07,2023,7,647360,640000,0.0,20614,0,76,0,0
Tigor,XZ,2023-08,2023,8,640110,640000,-0.0112,15613,1,77,0,0
Tigor,XZ,2023-09,2023,9,640110,640000,0.0,0,0,78,0,0
Tigor,XZ,2023-10,2023,10,640110,640000,0.0,16786,1,79,0,0
Tigor,XZ,2023-11,2023,11,640110,640000,0.0,17303,1,80,0,0
Tigor,XZ,2023-12,2023,12,640110,640000,0.0,0,0,81,0,0
